Recommended protein name,Alternate names,Abbrev.,,Acc. #apolipoprotein A-I,,APOA1_HUMAN,31 kDa,P02647apolipoprotein A-IV,,APOA4_HUMAN,45 kDa,P06727apolipoprotein L1,apolipoprotein L,APOL1_HUMAN,44 kDa,O14791apolipoprotein C-III,,APOC3_HUMAN,11 kDa,P02656apolipoprotein E,,APOE_HUMAN,36 kDa,P02649apolipoprotein A-II,,APOA2_HUMAN,11 kDa,P02652apolipoprotein C-I,,APOC1_HUMAN,9 kDa,P02654alpha-1-antitrypsin,"alpha-1 protease inhibitor, alpha-1-antiprotease, serpin A1",A1AT_HUMAN,47 kDa,P01009apolipoprotein C-II,,APOC2_HUMAN,11 kDa,P02655apolipoprotein M,protein G3A,APOM_HUMAN,21 kDa,O95445serum paraoxonase/arylesterase 1,"aromatic esterase 1, K-45, serum aryldalkylphosphatase 1",PON1_HUMAN,40 kDa,P27169alpha-2-HS-glycoprotein,"alpha-2-Z-globulin, Ba-alpha-2-glycoprotein, fetuin-A",FETUA_HUMAN,39 kDa,P02765clusterin,apolipoprotein J,CLUS_HUMAN,52 kDa,P10909serum amyloid A4,constituitively expressed serum amyloid A protein,SAA4_HUMAN,15 kDa,P35542apolipoprotein B,,APOB_HUMAN,516 kDa,P04114complement C3,PZP-like alpha-2-macroglobulin domain-containing protein 1,CO3_HUMAN,187 kDa,P01024serum amyloid A1 &2,amyloid fibrill protein AA,SAA1/SAA2_HUMAN,14 kDa,P0DJI8/P0DJI9apolipoprotein D,,APOD_HUMAN,21 kDa,P05090serum albumin,serum albumin,ALBU_HUMAN,69 kDa,P02768haptoglobin-related protein,,HPTR_HUMAN,39 kDa,P00739serotransferrin,"beta-1 metal-binding globulin, siderophilin",TRFE_HUMAN,77 kDa,P02787transthyretin,"ATTR, prealbumin, TBPA",TTHY_HUMAN,16 kDa,P02766apolipoprotein F,lipid transfer inhibitor protein,APOF_HUMAN,35 kDa,Q13790fibrinogen alpha chain,,FIBA_HUMAN,95 kDa,P02671vitamin D binding protein,"Gc-globulin, Group-specific component",VTDB_HUMAN,53 kDa,P02774beta-2-glycoprotein 1,apolipoprotein h,APOH_HUMAN,38 kDa,P02749protein AMBP,"alpha-1-microglobulin, inter-alpha-trypsin inhibitor light chain, trypstatin",AMBP_HUMAN,39 kDa,P02760haptoglobin,haptoglobin,HPT_HUMAN,45 kDa,P00738phospholipid transfer protein,lipid transfer protein II,PLTP_HUMAN,55 kDa,P55058vitronectin,"S-protein, serum spreading factor",VTNC_HUMAN,54 kDa,P04004angiotensinogen,serpin A8,ANGT_HUMAN,53 kDa,P01019complement C4-B,"PZP-like alpha-2-macroglobulin domain-containing protein 3, basic complement C4",CO4B_HUMAN,193 kDa,P0C0L5hemoglobin subunit beta,"beta-globin, hemoglobin beta chain",HBB_HUMAN,16 kDa,P68871hemopexin,beta-1B-glycoprotein,HEMO_HUMAN,52 kDa,P02790inter-alpha trypsin inhibitor H4,Inter-alpha-trypsin inhibitor family heavy chain-related protein; plasma kallikrein sensitive glycoprotein 120,ITIH4_HUMAN,103 kDa,Q14624apolipoprotein C-IV,,APOC4_HUMAN,15 kDa,P55056alpha-2-macroglobulin,C3 and PZP-like alpha-2-macroglobulin domain-containing protein 5,A2MG_HUMAN,163 kDa,P01023apolipoprotein(a),,LPA_HUMAN,501 kDa,P08519hemoglobin subunit alpha,"alpha-globin, hemoglobin alpha chain",HBA_HUMAN,15 kDa,P69905Ig alpha-1 chain C region  ,,IGHA1_HUMAN,38 kDa,P01876Ig kappa chain C region,,IGKC_HUMAN,12 kDa,P01834kininogen-1,"alpha-2-thiol proteinase inhibitor, Fitzegerald factor, high molecular weight kinninogen",KNG1_HUMAN,72 kDa,P01042prothrombin,coagulation factor II,THRB_HUMAN,70 kDa,P00734alpha-1-acid glycoprotein 2,orosomucoid-2,ORM2_HUMAN,24 kDa,P19652alpha-1-antichymotrypsin,"cell growth inhibiting gene 24/25 protein, serpin A3",AACT_HUMAN,48 kDa,P01011alpha-1B-glycoprotein,alpha-1-B glycoprotein,A1BG_HUMAN,54 kDa,P04217complement component C9,complement component C9 precursor,CO9_HUMAN,63 kDa,P02748serum paraoxonase/lactonase 3,,PON3_HUMAN,40 kDa,Q15166antithrombin-III,serpin C1,ANT3_HUMAN,53 kDa,P01008complement C4-A,PZP-like alpha-2-macroglobulin domain-containing protein 2,CO4A_HUMAN,193 kDa,P0C0L4plasma protease C1 inhibitor,"serpin G1, C1NH",IC1_HUMAN,55 kDa,P05155retinol-binding protein 4,plasma retinol-binding protein,RET4_HUMAN,23 kDa,P02753alpha-2-antiplasmin,"alpha-2-plasmin inhibitor, serpin F2",A2AP_HUMAN,55 kDa,P08697fibrinogen beta chain,,FIBB_HUMAN,56 kDa,P02675phosphatidylcholine-sterol acyltransferase,"lecithin:cholesterol acyl transferase, phospholipid-cholesterol acyltransferase",LCAT_HUMAN,50 kDa,P04180Ig gamma-1 chain C region,,IGHG1_HUMAN,36 kDa,P01857prenylcysteine oxidase 1,prenylcysteine lyase,PCYOX_HUMAN,57 kDa,Q9UHG3fibrinogen gamma chain,,FIBG_HUMAN,52 kDa,P02679heparin cofactor 2,"protease inhibitor leuserpin-2, Serpin D1",HEP2_HUMAN,57 kDa,P05546inter-alpha trypsin inhibitor H2,"Inter-alpha-trypsin inhibitor complex component II, serum-derived hyaluronan-associated protein",ITIH2_HUMAN,106 kDa,P19823phosphatidylinositol-glycan-specific phospholipase D,"glycoprotein phospholipase D, glucosyl-phosphatidylinositol-specific phospholipase D",PHLD_HUMAN,92 kDa,P80108alpha-1-acid glycoprotein 1,orosomucoid-1,ORM1_HUMAN,24 kDa,P02763C4b-binding protein alpha chain,proline-rich protein,C4BPA_HUMAN,67 kDa,P04003cholesteryl ester transfer protein,lipid transfer protein I,CETP_HUMAN,55 kDa,P11597Ig mu chain C region    ,,IGHM_HUMAN,49 kDa,P01871pigment epithelium-derived factor,"cell proliferation-inducing gene 35 protein, EPC1, serpin F1",PEDF_HUMAN,46 kDa,P36955fibronectin,cold-insoluble globulin,FINC_HUMAN,272 kDa,P02751gelsolin,"AGEL, actin-depolymerizing factor",GELS_HUMAN,86 kDa,P06396platelet basic protein,"C-X-C motif chemokine 7, leukocyte-derived growth factor, small-indicuble cytokine B7",CXCL7_HUMAN,14 kDa,P02775complement factor H,H factor 1,CFAH_HUMAN,139 kDa,P08603Ig gamma-2 chain C region ,,IGHG2_HUMAN,36 kDa,P01859inter-alpha trypsin inhibitor H1,"inter-alpha-trypsin inhibitor complex component III, serum-derived hyaluronan-associated protein ",ITIH1_HUMAN,101 kDa,P19827plasminogen,,PLMN_HUMAN,91 kDa,P00747complement factor B,"C3/C5 convertase, glycine-rich beta glycoprotein, PBF2, properdin factor B",CFAB_HUMAN,86 kDa,P00751histidine-rich glycoprotein,histidine-proline-rich glycoprotein,HRG_HUMAN,60 kDa,P04196lipopolysaccaride binding protein,,LBP_HUMAN,53 kDa,P18428platelet factor 4,"C-X-C motif chemokine 4, iroplact, oncostatin-A",PLF4_HUMAN,11 kDa,P02276afamin,alpha-albumin,AFAM_HUMAN,69 kDa,P43652ceruloplasmin,ferroxidase,CERU_HUMAN,122 kDa,P00450complement C1s subcomponent,"C1 esterase, complement component 1 subcomponent s",C1S_HUMAN,77 kDa,P09871pulmonary surfactant-associated protein B,"18 kDa pulmonary-surfactant protein, 6 kDa protein, pulmonary surfactant-associated proteolipid",PSPB_HUMAN,42 kDa,P07988beta-2-microglobulin,,B2MG_HUMAN,14 kDa,P61769cathelicidin antimicrobial peptide,18 kDa cationic antimicrobial protein,CAMP_HUMAN,19 kDa,P49913plasma kallikrein,"Fletcher factor, kininogen",KLKB1_HUMAN,71 kDa,P03952zinc-alpha-2-glycoprotein,,ZA2G_HUMAN,34 kDa,P25311"actin, cytoplasmic 1",Beta actin,ACTB_HUMAN,42 kDa,P60709complement C1r,complement component 1 subcomponent r,C1R_HUMAN,80 kDa,P00736immunoglobulin kappa variable 3-20,"Ig kappa chain V-III region B6, Ig kappa chain V-III region GOL, Ig kappa chain V-III region HAH, Ig kappa chain V-III region HIC, Ig kappa chain V-III region IARC/BL41, Ig kappa chain V-III region NG9, Ig kappa chain V-III region SIE, Ig kappa chain V-III region Ti, ",KV330_HUMAN,13 kDa,P01619beta-Ala-His dipeptidase,"CNDP dipeptidase 1, Carnosine dipeptidase 1, Glutamate carboxypeptidase-like protein 2, Serum carnosinase",CNDP1_HUMAN,57 kDa,Q96KN2Ig lambda-2 chain C regions,,IGLC2_HUMAN,11 kDa,P0DOY2kallistatin,"kallikrein inhibitor, peptidase inhibitor 4, serpin A4",KAIN_HUMAN,49 kDa,P29622n-acetylmuramoyl-L-alanine amidase,"peptidoglycan recognition protein 2, peptidoglycan recognition protein long",PGRP2_HUMAN,62 kDa,Q96PD5anthrax toxin receptor 2,capillary morphogenesis gene 2 protein,ANTXR2_HUMAN,54 kDa,P58335complement C1q subcomponent subunit B,,C1QB_HUMAN,27 kDa,P02746dermcidin,dermcidin,DCD_HUMAN,11 kDa,P81605Ig gamma-3 chain C region    ,heavy chain disease protein,IGHG3_HUMAN,41 kDa,P01860Ig lambda chain V-III region LOI   ,,LV302_HUMAN,12 kDa,P80748immunoglobulin J chain,,IGJ_HUMAN,18 kDa,P01591insulin-like growth factor-binding protein complex acid labile subunit,acid libile subunit,ALS_HUMAN,66 kDa,P35858lumican,keratin sulfate proteoglycan lumican,LUM_HUMAN,38 kDa,P51884vitamin K-dependent protein S,,PROS_HUMAN,75 kDa,P07225adipocyte plasma membrane-associated protein,protein BSCv,APMAP_HUMAN,46 kDa,Q9HDC9complement C1q subcomponent subunit C,,C1QC_HUMAN,26 kDa,P02747Ig alpha-2 chain C region,,IGHA2_HUMAN,37 kDa,P01877Ig lambda-1 chain C regions    ,,IGLC1_HUMAN,11 kDa,P0CG04immunoglobulin lambda-like polypeptide 5,"G lambda-1, Germline immunoglobulin lambda 1",IGLL5_HUMAN,23 kDa,B9A064leucine-rich alpha-2-glycoprotein,,A2GL_HUMAN,38 kDa,P02750pregnancy zone protein ,,PZP_HUMAN,164 kDa,P20742protein Z-dependent protease inhibitor ,Serpin A10,ZPI_HUMAN,51 kDa,Q9UK55tetranectin,"C-type lectin domain family 3 member B, plasminogen kringle4-binding protein",TETN_HUMAN,23 kDa,P05452BPI fold-containing family B member 1,"long palate, lung and nasal epithelium carcinoma-associated protein 1, Von Ebner minor salivary gland protein",BPIFB1_HUMAN,52 kDa,Q8TDL5carboxypeptidase N,"anaphylatoxin inactivator, arginine carboxypeptidase, carboxypeptidase N polypeptide 1, carboxypeptidase N small subunit, kininase-1, lysine carboxypeptidase, plasma carboxypeptidase B, serum carboxypeptidase N",CBPN_HUMAN,52 kDa,P15169coagulation factor V,"activated protein C cofactor, proaccelerin, labile factor",FA5_HUMAN,251 kDa,P12259coagulation factor XII,Hageman factor,FA12_HUMAN,68 kDa,P00748complement C5,C3 and PZP-like alpha-2-macroglobulin domain-containing protein 4,CO5_HUMAN,188 kDa,P01031complement component C8-beta,complement component 8 subunit beta,CO8B_HUMAN,67 kDa,P07358complement factor I,C3B/C4B inactivator,CFAI_HUMAN,66 kDa,P05156cystatin-C,"cystatin-3, gamma trace, neuroendocrine basic polypeptide, post-gamma-globulin",CYTC_HUMAN,16 kDa,P01034Ig gamma-4 chain C region    ,,IGHG4_HUMAN,36 kDa,P01861 Indian hedgehog protein,HHG-2,IHH_HUMAN,45 kDa,Q14623L-selectin ,,LYAM1_HUMAN,42 kDa,P14151profilin-1,"epididymis tissue protein Li 184a, profilin I",PROF1_HUMAN,15 kDa,P07737serum amyloid P,9.5S alpha-1-glycoprotein,SAMP_HUMAN,25 kDa,P02743aminopeptidase N,,ANPEP_HUMAN,110 kDa,P15144anthrax toxin receptor 1,tumor endothelial marker 8,ANTXR1_HUMAN,63 kDa,Q9H6X2apolipoprotein A-V,regeneration-associated protein 3,APOA5_HUMAN,41 kDa,Q6Q788carboxypeptidase B2 ,Carboxypeptidase U,CBPB2_HUMAN,48 kDa,Q96IY4CD5 antigen-like,"Apoptosis inhibitor expressed by macrophages, CT-2, IgM-associated peptide, SP-alpha",CD5L_HUMAN,38 kDa,O43866complement C2,C3/C5 convertase,CO2_HUMAN,83 kDa,P06681complement component C8-alpha,complement component 8 subunit alpha,CO8A_HUMAN,65 kDa,P07357filamin-A   ,"Actin-binding protein 280, Alpha-filamin, Endothelial actin-binding protein, Filamin-1, Non-muscle filamin",FLNA_HUMAN,281 kDa,P21333"HLA class I histocompatibility antigen, A alpha chain","HLA class I histocompatibility antigen, A-24 alpha chain, Human leukocyte antigen A",HLAA_HUMAN,41 kDa,P05534Immunoglobulin kappa variable 4-1,Ig kappa chain V-III region WOL,KV401_HUMAN,13 kDa,P06312integrin alpha-IIb    ,"GPalpha IIb, platelet membrane glycoprotein IIb, CD_antigen=CD41",ITA2B_HUMAN,113 kDa,P08514integrin beta-1,"fibronectin receptor subunit beta, glycoprotein Iia",ITB1_HUMAN,88 kDa,P05556lysozyme C,"1,4-beta-N-acetylmuramidase",LYSC_HUMAN,17 kDa,P61626protein MENT,Methylated in normal thymocytes protein,MENT_HUMAN,37 kDa,Q9BUN1complement component C8-gamma,,CO8G_HUMAN,22 kDa,P07360complement factor D,"adipsin, C3 convertase activator, properdin factor D",CFAD_HUMAN,27 kDa,P00746desmoplakin,250/210 kDa paraneoplastic pemphigus antigen,DESP_HUMAN,332 kDa,P15924fibulin-1,,FBLN1_HUMAN,77 kDa,P23142ficolin-3,"collagen/fibrinogen domain-containing lectin 3 p35, harkata antigen",FCN3_HUMAN,33 kDa,O75636galectin-3-binding protein,"Basement membrane autoantigen p105, Lectin galactoside-binding soluble 3-binding protein, Mac-2-binding protein, tumor associated antigen 90 K",LG3BP_HUMAN,65 kDa,Q08380Ig kappa chain V-III region VG (Fragment)  ,,KV309_HUMAN,13 kDa,P04433inter-alpha trypsin inhibitor H3,Serum-derived hyaluronan-associated protein,ITIH3_HUMAN,100 kDa,Q06033multimerin-2,"EMILIN-3, elastin microfibril interface located protein 3, endoglyx-1 p125/p140 subunit",MMRN2_HUMAN,104 kDa,Q9H8L6platelet-activating factor acetylhydrolase,"1-alkyl-2-acetylglycerophosphocholine esterase, 2-acetyl-1-alkylglycerophosphocholine esterase, Group-VIIA phospholipase A2, LDL-associated phospholipase A2, PAF 2-acylhydrolase",PAFA_HUMAN,50 kDa,Q13093prosaposin,proactivator polypeptide,SAP_HUMAN,58 kDa,P07602selenoprotein P,,SEPP1_HUMAN,43 kDa,P49908talin-1,,TLN1_HUMAN,270 kDa,Q9Y490thrombospondin-1    ,"TSP, TSP1",TSP1_HUMAN,129 kDa,P07996"actin, aortic smooth muscle","Alpha-actin-2, cell growth inhibiting gene 46 protein",ACTA_HUMAN,42 kDa,P62736band 3 anion transport protein,"Anion exchange protein 1, solute carrier family 4 member 1",B3AT_HUMAN,102 kDa,P02730carbonic anhydrase 6,"carbonate dehydratase VI, carbonic anhydrase Vi, salivary carbonic anhydrase, secreted carbonic anhydrase",CA6_HUMAN,35 kDa,P23280coagulation factor X,Stuart factor,FA10_HUMAN,55 kDa,P00742complement factor H-related protein 1 ,"H factor-like protein 1, H36",FHR1_HUMAN,38 kDa,Q03591desmocollin-1,"cadherin family member-1, desmosomal glycoprotein 2/3",DSC1_HUMAN,100 kDa,Q08554extracellular matrix protein 1,Secretory component p85,ECM1_HUMAN,61 kDa,Q16610IgGFc-binding protein,Fcgamma-binding protein antigen,FCGBP_HUMAN,572 kDa,Q9Y6R7immunoglobulin lambda variable 1-47,"Ig lambda chain V-I region HA, Ig lambda chain V-I region WAH",LV147_HUMAN,12 kDa,P01700integrin beta-3   ,platelet membrane glycoprotein IIIa,ITB3_HUMAN,87 kDa,P05106junction plakoglobin,"catenin gamma, desmoplakin III, desmoplakin-3",PLAK_HUMAN,82 kDa,P14923"keratin, type I cytoskeletal 10    ","cytokeratin-10, keratin-10",K1C10_HUMAN,59 kDa,P13645"keratin, type II cytoskeletal 1   ","67 kDa cytokeratin, cytokeratin-1, hair alpha protein, keratin-1, type-II keratin Kb1",K2C1_HUMAN,66 kDa,P04264proprotein convertase subtilisin/kexin type 9,"Neural apoptosis-regulated convertase 1, proprotein convertase 9, subtillisin/kexin-like protease PC9",PCSK9_HUMAN,74 kDa,Q8NBP7tropomyosin alpha-4 chain,"TM30p1, tropomyosin-4",TPM4_HUMAN,33 kDa,P67936von Willebrand Factor,,VWF_HUMAN,309 kDa,P04275coagulation factor IX,"Christmas factor, Plasma thromboplastin component",FA9_HUMAN,52 kDa,P00740coagulation factor XI,Plasma thromboplastin antecedent,FA11_HUMAN,70 kDa,P03951coagulation factor XIII B chain,,F13B_HUMAN,76 kDa,P05160complement C1q subcomponent subunit A,,C1QA_HUMAN,26 kDa,P02745complement C6,,CO6_HUMAN,105 kDa,P13671complement component C7,,CO7_HUMAN,94 kDa,P10643complement factor H-related protein 5,,FHR5_HUMAN,64 kDa,Q9BXR6corticosteroid-binding globulin,"Serpin A6, transcortin",CBG_HUMAN,45 kDa,P08185desmoglein-1 ,,DSGl_HUMAN,114 kDa,Q02413glyceraldehyde-3-phosphate dehydrogenase,Peptidyl-cysteine S-nitrosylase GAPDH,G3P_HUMAN,36 kDa,P04406"HLA class I histocompatibility antigen, B alpha chain",Human leukocyte antigen B,HLAB_HUMAN,40 kDa,P01889hyaluronan BP 2,"Factor VII-activating protease, hepatocyte growth factor activator-like protein, plasma hyaluronan-binding protein",HABP2_HUMAN,63 kDa,Q14520Ig heavy chain V-III region TIL,,HV323_HUMAN,13 kDa,P01765Ig lambda-7 chain C region ,,IGLC7_HUMAN,11 kDa,A0M8Q6immunoglobulin heavy variable 3-23,"Ig heavy chain V-III region TEI, Ig heavy chain V-III region LAY, Ig heavy chain V-III region POM, Ig heavy chain V-III region TEI, Ig heavy chain V-III region TIL, Ig heavy chain V-III region TUR, Ig heavy chain V-III region VH26, Ig heavy chain V-III region WAS, Ig heavy chain V-III region ZAP",HV323_HUMAN,13 kDa,P01777integrin alpha-2,"CD49 antigen-like family member B, collagen receptor, platelet membrane glycoprotein Ia, VLA-2 subunit alpha, CD_antigen=CD49b",ITA2_HUMAN,129 kDa,P17301"keratin, type I cytoskeletal 9    ","cytokeratin-9, keratin-9",K1C9_HUMAN,62 kDa,P35527"keratin, type II cytoskeletal 2 epidermal    ","cytokeratin-2e, epithelial keratin-2e, keratin- epidermis, keratin-2e, type II keratin Kb2",K22E_HUMAN,65 kDa,P35908mannan-binding lectin serine protease 1,"Complement factor MASP-3, Complement-activating component of Ra-reactive factor, Mannose-binding lectin-associated serine protease 1, Mannose-binding protein-associated serine protease, Ra-reactive factor serine protease p100, Serine protease 5",MASP1_HUMAN,79 kDa,P48740platelet activating factor aryl hydrolase,"lissencephaly-1 protein, PAF acetylhydrolase 45 kDa subunit, PAF-AH alpha",LIS1_HUMAN,47 kDa,P43034plexin domain-containing protein 2,Tumor endothelial marker 7-related protein,PXDC2_HUMAN,60 kDa,Q6UX71prolactin-lnducible protein,"Gross cystic disease fluid protein 15, Prolactin-induced protein, Secretory actin-binding protein",PIP_HUMAN,17 kDa,P12273secretoglobin family 3A member 1,"cytokin HIN-1, high in normal 1, pneumo secretory protein 2, uteroglobin-related protein 2",SG3A1_HUMAN,10 kDa,Q96QR1vesicular integral-membrane protein VIP36,"glycoprotein GP36b, lectin mannose-binding 2, vesicular integral-membrane protein 36",LMAN2_HUMAN,40 kDa,Q12907vinculin,metavinculin,VINC_HUMAN,124 kDa,P1820614-3-3 protein zeta/delta,protein kinase C inhibitor protein 1,YWHAZ_HUMAN,28 kDa,P63104C4b-binding protein beta chain,,C4BPB_HUMAN,28 kDa,P20851carbonic anhydrase 1,"Carbonate dehydratase I, Carbonic anhydrase B, Carbonic anhydrase I",CAH1_HUMAN,29 kDa,P00915CD44 antigen,"CDw44, Epican, Extracellular matrix receptor III, GP90 lymphocyte homing/adhesion receptor, HUTCH-I, Heparan sulfate proteoglycan, Hermes antigen, Hyaluronate receptor, Phagocytic glycoprotein 1, Phagocytic glycoprotein I",CD44_HUMAN,82 kDa,P16070CD99 antigen,"12E7, E2 antigen
, Protein MIC2
, T-cell surface glycoprotein E2
, CD_antigen: CD99
",CD99_HUMAN,19 kDa,P14209complement C1r subcomponent-like protein,C1r-like serine protease analog protein,C1RL_HUMAN,53 kDa,Q9NZP8complement factor H-related protein 2 ,"DDESK59, H factor-like 3, H factor-like protein 2",FHR2_HUMAN,31 kDa,P36980EGF-containing fibulin-like extracellular matrix protein 1,"Extracellular protein S1-5, Fibrillin-like protein, fibulint-3",FBLN3_HUMAN,55 kDa,Q12805elongation factor 1-alpha 1,"Elongation factor Tu, Eukaryotic elongation factor 1 A-1, Leukocyte receptor cluster member 7",EF1A1_HUMAN,50 kDa,P68104endosialin,tumor endothelial marker 1,CD248_HUMAN,81  kDa,Q9HCU0erythrocyte band 7 integral membrane protein,"protein 7.2b, stomatin",STOM_HUMAN,32 kDa,P27105fatty acid-binding protein 5,"Epidermal-type fatty acid-binding protein, Fatty acid-binding protein, epidermal, Psoriasis-associated fatty acid-binding protein homolog",FABP5_HUMAN,15 kDa,Q01469fermitin family homolog 3   ,"kindlin-3, MIG2-like protein, Unc-112-rrelated protein 2",URP2_HUMAN,76 kDa,Q86UX7fibroblast growth factor-binding protein 2,"37 kDa killer-specific secretory protein, HBp17-related protein",FGFP2_HUMAN,25 kDa,Q9BYJ0ficolin-2,"37 kDa elastin-binding protein, Collagen/fibrinogen domain-containing protein 2, EBP-37, Ficolin-B, Ficolin-beta, Hucolin, L-ficolin, Serum lectin p35",FCN2_HUMAN,34 kDa,Q15485glycophorin-A,"Mn sialoglycoprotein, PAS-2, sialoglycoprotein alpha, CD235a",GLPA_HUMAN,16 kDa,P02724GTP-binding protein SAR1a,COPII-associated small GTPase,SAR1A_HUMAN,22 kDa,Q9NR31hornerin,,HORN_HUMAN,282 kDa,Q86YZ3Ig delta chain C region ,,IGHD_HUMAN,42 kDa,P01880Ig kappa chain V-I region AG ,,KVD33_HUMAN,13 kDa,P01593Ig kappa chain V-I region EU ,,KV105_HUMAN,12 kDa,P01602Ig mu heavy chain disease protein,,A0N5S9_HUMAN,3 kDa,A0N5S9immunoglobulin heavy variable 3-13,Ig heavy chain V-III region BRO,HV313_HUMAN,13 kDa,P01766immunoglobulin heavy variable 3-20,,HV320_HUMAN,13 kDa,A0A0C4DH32Immunoglobulin kappa variable 1-39,"Ig kappa chain V-I region DEE, Ig kappa chain V-I region Hau, Ig kappa chain V-I region Mev, Ig kappa chain V-I region OU, Ig kappa chain V-I region Walker",KV139_HUMAN,13 kDa,P01597inositol monophosphatase 3,"Golgi 3-prime phosphoadenosine 5-prime phsphat 3-prime phosphatase, inositol monophosphatase domain-containing protein 1, inosito-1(or 4)-monophospatase 3, myo-inositol monophosphatase A3",IMPA3_HUMAN,37 kDa,Q9NX62"keratin, type II cytoskeletal 6A","cytokeratin-6A, cytokeratin-6D, keratin-6A, type II keratin Kb6",K2C6A_HUMAN,60 kDa,P02538lactotransferrin,"growth-inhibiting protein 12, talalactoferrin",TRFL_HUMAN,78 kDa,Q5DSM0mucosal addressin cell adhesion molecule 1,,MADCA_HUMAN,40 kDa,Q13477neutrophil defensin 1,"Defensin, alpha 1, HNP-1",DEF1_HUMAN,10 kDa,P59665peroxiredoxin-2,"Natural killer cell-enhancing factor B, PRP, Thiol-specific antioxidant protein, Thioredoxin peroxidase 1, Thioredoxin-dependent peroxide reductase 1, Thioredoxin-dependent peroxiredoxin 2",PRDX2_HUMAN,22 kDa,P32119plakophilin-1 ,Band 6 protein,PKP1_HUMAN,83 kDa,Q13835plasma serine proteinase inhibitor,"acrosomal serine protease inhibitor, plasminogen activator inhibitor 3, protein C inhibitor",IPSP_HUMAN,46 kDa,P05154prostaglandin-H2 D-isomerase  ,"beta-trace protein, cerebrin-28, glutathione-independent PGD synthase, lipocalin-type prostaglandin-D synthase, prostaglandin-D2 synthase",PTGDS_HUMAN,21 kDa,P41222protein S100-A9 ,"Calgranulin-B, Calprotectin, L1H subunit, Leukocyte L1 complex heavy chain, Migration inhibitory factor-related protein 14, S100 calcium-binding protein A9",S10A9_HUMAN,13 kDa,P06702proteoglycan 4,"Lubricin, Megakaryocyte-stimulating factor, Superficial zone proteoglycan",PRG4_HUMAN,151 kDa,Q92954Ras-related protein Rap-lB,,RAP1B_HUMAN,21 kDa,P61224serpin A11,,SPA11_HUMAN,47 kDa,Q86U17sonic hedgehog,,SHH_HUMAN,50 kDa,Q15465thymosin beta-4,Fx,TYB4_HUMAN,5 kDa,P62328thyroxine-binding globulin   ,"Serpin A7, T4-binding globulin",THBG_HUMAN,46 kDa,P05543trypsin-1   ,"Beta-trypsin, cationic trypsinogen, serine protease 1, trypsin I",TRY1_HUMAN,27 kDa,P07477"actin, cytoplasmic 2   ",gamma-actin,ACTG1_HUMAN,42 kDa,P63261A-kinase anchor protein 4 ,"A-kinase anchor protein 82 kDa, Major sperm fibrous sheath protein, Protein kinase A-anchoring protein 4",AKAP4_HUMAN,94 kDa,Q5JQC9alpha-actinin-1,"Alpha-actinin cytoskeletal isoform, F-actin cross-linking protein, Non-muscle alpha-actinin-1",ACTN1_HUMAN,103 kDa,P12814alpha-actinin-4  ,"F-actin cross-linking protein, non-muscle alpha-actinin 4",ACTN4_HUMAN,105 kDa,O43707alpha-amylase 1,,AMY1A_HUMAN,58 kDa,P04745angiopoietin-related protein 3,"Angiopoietin-5, Angiopoietin-like protein 3",ANGL3_HUMAN,54 kDa,Q9Y5C1annexin A1,"Annexin I, Annexin-1, Calpactin II, Calpactin-2, Chromobindin-9, Lipocortin I, Phospholipase A2 inhibitory protein
, p35",ANXA1_HUMAN,39 kDa,P04083ATP-binding cassette sub-family F member 1,"ATP-binding cassette 50, TNF-alpha-stimulated ABC protein",ABCF1_HUMAN,96 kDa,Q8NE71cadherin-5,vascular endothelial cadherin,CADH5_HUMAN,88 kDa,P33151carcinoembryonic antigen-related cell adhesion molecule 1,Biliary glycoprotein 1,CEAM1_HUMAN,58 kDa,P13688caspase-14 ,,CASPE_HUMAN,28 kDa,P31944CD209 antigen,"C-type lectin domain family 4 member L
, Dendritic cell-specific ICAM-3-grabbing non-integrin 1
, CD_antigen: CD209
",CD209_HUMAN,46 kDa,Q9NNX6coftlin-1 ,18 kDa phosphoprotein,COF1_HUMAN,19 kDa,P23528complement factor H-related protein 4,,FHR4_HUMAN,65 kDa,Q92496endothelial protein C receptor,"Activated protein C receptor, Endothelial cell protein C receptor, CD_antigen: CD201",EPCR_HUMAN,27 kDa,Q9UNN8flotillin-1,,FLOT1_HUMAN,47kDa,O75955gastric inhibitory polypeptide,"Glucose-dependent insulinotropic polypeptide, Incretin hormone",GIP_HUMAN,17 kDa,P09681hepatocyte growth factor activator ,,HGFA_HUMAN,71 kDa,Q04756HLA-A protein (fragment),,Q29946_HUMAN,26 kDa,Q29946Ig heavy chain V-I region V35 ,,HV103_HUMAN,13 kDa,A0A0C4DH29Ig kappa chain V-II region TEW ,,KV204_HUMAN,12 kDa,P01615Ig lambda chain V-I region BL2,"Ig lambda chain V-I region BL2, Ig lambda chain V-I region EPS, Ig lambda chain V-I region NEW, Ig lambda chain V-I region NIG-64",LV151_HUMAN,12 kDa,P01701Ig lambda chain V-IV region Hil ,,LV325_HUMAN,12 kDa,P01717Ig lambda-3 chain C regions ,,IGLC3_HUMAN,11 kDa,P0DOY3immunglobulin heavy chain variable region,,Q0ZCH4_HUMAN,13 kDa,Q0ZCH4immunoglobulin heavy variable 1-2,"Ig heavy chain V-I region ND, Ig heavy chain V-I region V35",HV102_HUMAN,13 kDa,P23083immunoglobulin heavy variable 1-46,"Ig heavy chain V-I region DOT, Ig heavy chain V-I region HG3, Ig heavy chain V-I region Mot",HV146_HUMAN,13 kDa,P01743immunoglobulin heavy variable 3-30,"Ig heavy chain V-III region BUR, Ig heavy chain V-III region CAM, Ig heavy chain V-III region GA, Ig heavy chain V-III region NIE",HV330_HUMAN,13 kDa,P01768immunoglobulin heavy variable 3-7,"Ig heavy chain V-III region GAL, Ig heavy chain V-III region GAR, Ig heavy chain V-III region JON",HV307_HUMAN,13 kDa,P01780immunoglobulin heavy variable 4-34,Ig heavy chain V-II region ARH-77,HV434_HUMAN,14 kDa,P06331immunoglobulin heavy variable 4-59,Ig heavy chain V-II region NEWM,HV459_HUMAN,13 kDa,P01825immunoglobulin kappa variable 2-30,Ig kappa chain V-II region RPMI 6410,KV230_HUMAN,13 kDa,P06310immunoglobulin kappa variable 3-15,"Ig kappa chain V-III region CLL, Ig kappa chain V-III region POM",KV315_HUMAN,12 kDa,P01624insulin-like growth factor II,"somatomedin-A, T3M-11-derived growth factor",IGF2_HUMAN,20 kDa,P01344insulin-like growth factor-binding protein 1,placental protein 12,IBP1_HUMAN,28 kDa,P08833insulinoma-associated protein 1,zinc finger protein IA-1,INSM1_HUMAN,53 kDa,Q01101Integrin beta-2,"Cell surface adhesion glycoproteins LFA-1/CR3/p150,95 subunit beta, Complement receptor C3 subunit beta, CD_antigen: CD18",ITB2_HUMAN,85 kDa,P05107"keratin, type I cytoskeletal 13","Cytokeratin-13, Keratin-13",K1C13_HUMAN,50 kDa,P13646"keratin, type I cytoskeletal 14","Cytokeratin-14, Keratin-14",K1C14_HUMAN,52 kDa,P02533"keratin, type I cytoskeletal 16","Cytokeratin-16, Keratin-16",K1C16_HUMAN,51 kDa,P08779"keratin, type I cytoskeletal 17","Cytokeratin-17, keratin-17",K1C17_HUMAN,48 kDa,Q04695"keratin, type II cytoskeletal 1b","Cytokeratin-1B, Keratin-77, Type-II keratin Kb39",K2C1B_HUMAN,62 kDa,Q7Z794"keratin, type II cytoskeletal 5","58 kDa cytokeratin, Cytokeratin-5, Keratin-5, Type-II keratin Kb5",K2C5_HUMAN,62 kDa,P13647"keratin, type II cytoskeletal 6B","Cytokeratin-6B, Keratin-6B, Type-II keratin Kb10",K2C6B_HUMAN,60 kDa,P04259"keratin, type II cytoskeletal 78","Cytokeratin-78, Keratin-5b, Keratin-78, Type-II keratin Kb40",K2C78_HUMAN,57 kDa,Q8N1N4keratinocyte proline-rich protein,,KPRP_HUMAN,64 kDa,Q5T749leukosialin,"GPL115, Galactoglycoprotein, Leukocyte sialoglycoprotein, Sialophorin, CD_antigen: CD43",LEUK_HUMAN,40 kDa,P16150lipocalin-1,"tear lipocalin, tear prealbumin, von Ebner gland protein",LCN1_HUMAN,19 kDa,P31025L-lactate dehydrogenase A chain,"Cell proliferation-inducing gene 19 protein, LDH muscle subunit, Renal carcinoma antigen NY-REN-59",LDHA_HUMAN,37 kDa,P00338moesin ,Membrane-organizing extension spike protein,MOES_HUMAN,68 kDa,P26038myosin-9,"Cellular myosin heavy chain, type A, Myosin heavy chain 9, Myosin heavy chain, non-muscle Iia, Non-muscle myosin heavy chain A, Non-muscle myosin heavy chain Iia",MYH9_HUMAN,227 kDa,P35579perilipin-1,Lipid droplet-associated protein,PLIN1_HUMAN,56 kDa,O60240peroxiredoxin-1,"Natural killer cell-enhancing factor A, Proliferation-associated gene protein, Thioredoxin peroxidase 2, Thioredoxin-dependent peroxide reductase 2, Thioredoxin-dependent peroxiredoxin 1",PRDX1_HUMAN,22 kDa,Q06830platelet glycoprotein IX   ,"glycoprotein 9, CD_antigen=CD42a",GPIX_HUMAN,19 kDa,P14770pleckstrin homology domain-containing family A member 5,Phosphoinositol 3-phosphate-binding protein 2,PKHA5_HUMAN,127 kDa,Q9HAU0plectin-1 ,hemidesmosomal protein 1,PLEC_HUMAN,531 kDa,Q15149plexin domain-containing protein 1 ,"Tumor endothelial marker 3, Tumor endothelial marker 7",PLDX1_HUMAN,56 kDa,Q8IUK5podocalyxin,"GCTM-2 antigen, Gp200, Podocalyxin-like protein 1",PODXL_HUMAN,59 kDa,O00592polyubiquitin-B,ubiquitin,UBB_HUMAN,26 kDa,P0CG47protein ABHD12B,"Abhydrolase domain-containing protein 12B, Alpha/beta hydrolase domain-containing protein 12B",AB12B_HUMAN,41 kDa,Q7Z5M8protein diaphanous homolog 1,Diaphanous-related formin-1,DIAP1_HUMAN,141 kDa,O60610protein FAM177A1,,F177A_HUMAN,24 kDa,Q8N128protein S100-A7,"Psoriasin, S100 calcium-binding protein A7",S10A7_HUMAN,11 kDa,P31151protein S100-A8,"Calgranulin-A, Calprotectin L1L subunit, Cystic fibrosis antigen, Leukocyte L1 complex light chain, Migration inhibitory factor-related protein 8, S100 calcium-binding protein A8, Urinary stone protein band A",S10A8_HUMAN,11 kDa,P05109putative annexin A2-like protein,"Annexin A2 pseudogene 2, Lipocortin II pseudogene",AXA2L_HUMAN,39 kDa,A6NMY6Ras-related protein Rab-1A,YPT1-related protein,RAB1A_HUMAN,23 kDa,P62820RUN domain-containing protein 3A,Rap2-interacting protein 8,RUN3A_HUMAN,50 kDa,Q59EK9ryanodine receptor 3   ,"brain ryanodine receptor-calcium release channel, brain-type ryanodine receptor, type 3 ryanodine receptor",RYR3_HUMAN,552 kDa,Q15413secretoglobin family 3A member 2,"Pneumo secretory protein 1, Uteroglobin-related protein 1",SG3A2_HUMAN,10 kDa,Q96PL1serpin B3,"Protein T4-A, Squamous cell carcinoma antigen 1",SPB3_HUMAN,45 kDa,P29508sex hormone-bindng globulin,,I3L1J1_HUMAN,25 kDa,I3L1J1sorbin and SH3 domain-containing protein 1,"Ponsin, SH3 domain protein 5, SH3P12, c-Cbl-associated protein",SRBS1_HUMAN,143 kDa,Q9BX66splicing factor 3B subunit 1,"Pre-mRNA-splicing factor SF3b 155 kDa subunit, Spliceosome-associated protein 155",SF3B1_HUMAN,146 kDa,O75533statherin,,STAT_HUMAN,7 kDa,P02808sulfhydryl oxidase 1,Quiescin Q6,QSOX1_HUMAN,83 kDa,O00391TATA element modulatory factor,"Androgen receptor coactivator 160 kDa protein, Androgen receptor-associated protein of 160 kDa",TMF1_HUMAN,123 kDa,P82094thioredoxin,"ATL-derived factor, Surface-associated sulphydryl protein, Allergen: Hom s Trx",THIO_HUMAN,12 kDa,P10599tissue factor pathway inhibitor,"extrinsic pathway inhibitor, lipoprotein-associated coagulation inhibitor",TFPI1_HUMAN,35 kDa,P10646titin    ,connectin,TITIN_HUMAN,3816 kDa,Q8WZ42tyrosine-protein kinase CSK,"C-Src kinase, protein-tyrosine kinase CYL",CSK_HUMAN,51 kDa,P41240ubiquitin-60S ribosomal protein L40,,RL40_HUMAN,15 kDa,P62987vitamin K-dependent protein C,"Autoprothrombin II, Anticoagulant protein C, Blood coagulation factor XIV",PROC_HUMAN,52 kDa,P0407014-3-3 protein beta/alpha,"Protein 1054, Protein kinase C inhibitor protein 1",1433B_HUMAN,28 kDa,P3194614-3-3 protein epsilon ,,1433E_HUMAN,29 kDa,P6225814-3-3 protein gamma ,Protein kinase C inhibitor protein 1,1433G_HUMAN,28 kDa,P6198114-3-3 protein theta,"14-3-3 protein T-cell, 14-3-3 protein tau, Protein HS1",1433T_HUMAN,28 kDa,P2734826S proteasome non-ATPase regulatory subunit 2   ,"26S proteasome regulatory subunit RPN1, 26S proteasome regulatory subunit S2, 26S proteasome subunit p97, protein 55.11, tumor necrosis factor type1 receptor-associated protein 2",PSMD2_HUMAN,100 kDa,Q1320026S proteasome non-ATPase regulatory subunit 3,"26S proteasome regulatory subunit RPN3, 26S proteasome regulatory subunit S3, Proteasome subunit p58",PSMD3_HUMAN,61 kDa,O43242"39S ribosomal protein L19, mitochondrial","L19mt, MRP-L19",RM19_HUMAN,34 kDa,P4940640S ribosomal protein S7 ,Small ribosomal subunit protein eS7,RS7_HUMAN,22 kDa,P62081"5-aminolevulinate synthase, nonspecific, mitochondrial","5-aminolevulinic acid synthase 1, Delta-ALA synthase 1, Delta-aminolevulinate synthase 1",HEM1_HUMAN,76 kDa,P13196"60 kDa heat shock protein, mitochondrial","60 kDa chaperonin, Chaperonin 60, Heat shock protein 60, HuCHA60, Mitochondrial matrix protein P1, P60 lymphocyte protein",CH60_HUMAN,61 kDa,P1080960S ribosomal protein L23,"60S ribosomal protein L17, Large ribosomal subunit protein uL14",RL23_HUMAN,15 kDa,P6282960S ribosomal protein L3 ,"HIV-1 TAR RNA-binding protein B, Large ribosomal subunit protein uL3",RL3_HUMAN,46 kDa,P39023"6-phosphogluconate dehydrogenase, decarboxylating ",,6PGD_HUMAN,53 kDa,P5220972 kDa type IV collagenase,"72 kDa gelatinase, Gelatinase A, Matrix metalloproteinase-2, TBE-1",MMP2_HUMAN,74 kDa,P08253A disintegrin and metalloproteinase with thrombospondin motifs 16,,ATS16_HUMAN,136 kDa,Q8TE57"actin, gamma-enteric smooth muscle","Alpha-actin-3, Gamma-2-actin, Smooth muscle gamma-actin",ACTH_HUMAN,42 kDa,P63267activator of 90 kDa heat shock protein ATPase homolog 1,p38,AHSA1_HUMAN,38 kDa,O95433acyl-CoA-binding protein,"Diazepam-binding inhibitor, Endozepine",ACBP_HUMAN,10 kDa,P07108acyl-coenzyme A thioesterase 11,"Acyl-CoA thioester hydrolase 11, Adipose-associated thioesterase, Brown fat-inducible thioesterase, Palmitoyl-coenzyme A thioesterase",ACO11_HUMAN,68 kDa,Q8WXI4adhesion G protein-coupled receptor B3,Brain-specific angiogenesis inhibitor 3,AGRB3_HUMAN,172 kDa,O60242adhesion G-protein coupled receptor G6,"G-protein coupled receptor 126, Vascular inducible G protein-coupled receptor, Developmentally regulated G-protein-coupled receptor",AGRG6_HUMAN,137 kDa,Q86SQ4adhesion G-protein coupled receptor G6,G-protein coupled receptor 126,GP126_HUMAN,137 kDa,Q86SQ4ADP-ribosylation factor 3,"A-kinase anchor protein 82 kDa, Major sperm fibrous sheath protein, Protein kinase A-anchoring protein 4",ARF3_HUMAN,21 kDa,P61204alpha-enolase,"2-phospho-D-glycerate hydro-lyase, C-myc promoter-binding protein, Enolase 1, MBP-1, MPB-1, Non-neural enolase, Phosphopyruvate hydratase, Plasminogen-binding protein",ENOA_HUMAN,47 kDa,P06733amyloid beta A4 precursor protein-binding family A member 1,"Adapter protein X11alpha, Neuron-specific X11 protein, Neuronal Munc18-1-interacting protein 1
",APBA1_HUMAN,93 kDa,Q02410angiogenin,ribonuclease 5,ANGI_HUMAN,17 kDa,P03950ankyrin repeat domain-containing protein 63,,ANR63_HUMAN,40 kDa,C9JTQ0annexin A2,"Annexin II, Annexin-2, Calpactin I heavy chain, Calpactin-1 heavy chain,  Chromobindin-8, Lipocortin II, Placental anticoagulant protein IV",ANXA2_HUMAN,39 kDa,P07355anti-folate binding protein,,A2NYQ9_HUMAN,13 kDa,A2NYQ9AP-2 complex subunit beta ,"AP105B, Adaptor protein complex AP-2 subunit beta
, Adaptor-related protein complex 2 subunit beta
, Beta-2-adaptin
, Beta-adaptin
, Clathrin assembly protein complex 2 beta large chain
, Plasma membrane adaptor HA2/AP2 adaptin beta subunit
",AP2B1_HUMAN,105 kDa,P63010apolipoprotein B receptor,"Apolipoprotein B-100 receptor, Apolipoprotein B-48 receptor",APOBR_HUMAN,116 kDa,Q0VD83apolipoprotein L2,Apolipoprotein L-II,APOL2_HUMAN,37 kDa,Q9BQE5apolipoprotein(a)-like protein 2,"Apo(a)-like protein 2, Lp(a)-like protein 2, Apolipoprotein a-related gene C protein",LPAL2_HUMAN,15 kDa,Q16609apoptosis regulator BAX,Bcl-2-like protein 4,BAX_HUMAN,21 kDa,Q07812arginase-1,"Liver-type arginase, Type I arginase",ARGI1_HUMAN,35 kDa,P05089ATPase family AAA domain-containing protein 2B,,ATD2B_HUMAN,165 kDa,Q9ULI0ATP-binding cassette sub-family B member 9,"ATP-binding cassette transporter 9, TAP-like protein",ABCB9_HUMAN,84 kDa,Q9NP78ATP-binding cassette sub-family C member 8,Sulfonylurea receptor 1,ABCC8_HUMAN,177 kDa,Q09428ATP-dependent RNA helicase DDX18,"DEAD box protein 18, Myc-regulated DEAD box protein
",DDX18_HUMAN,75 KDa,Q9NVP1ATP-dependent zinc metalloprotease YME1L1,"ATP-dependent metalloprotease FtsH1
, Meg-4
, Presenilin-associated metalloprotease
, YME1-like protein 1
",YMEL1_HUMAN,86 kDa,Q96TA2AT-rich interactive domain-containing protein 4A,Retinoblastoma-binding protein 1,ARI4A_HUMAN,143 kDa,P29374attractin,"DPPT-L, Mahogany homolog",ATRN_HUMAN,158 kDa,O75882autophagy-related protein 13,,ATG13_HUMAN,57 kDa,O75143band 4.1-like protein 4A,"Erythrocyte membrane protein band 4.1-like 4A, Protein NBL4
",E41LA_HUMAN,79 kDa,Q9HCS5Bcl-2-like protein 13,"Bcl-rambo
, Protein Mil1
",B2L13_HUMAN,53 kDa,Q9BXK5beta-alanine-activating enzyme,"Acyl-CoA synthetase family member 4, Protein NRPS998",ACSF4_HUMAN,123 kDa,Q4L235beta-taxilin,Muscle-derived protein 77,TXLNB_HUMAN,77 kDa,Q8N3L3bifunctional heparan sulfate N-deacetylase/N-sulfotransferase 1,"Glucosaminyl N-deacetylase/N-sulfotransferase 1, N-heparan sulfate sulfotransferase 1, [Heparan sulfate]-glucosamine N-sulfotransferase 1",NDST1_HUMAN,101 kDa,P52848bleomycin hydrolase ,,BLMH_HUMAN,52 kDa,Q13867BPI fold-containing family A member 1,"Lung-specific protein X, Nasopharyngeal carcinoma-related protein
, Palate lung and nasal epithelium clone protein
, Secretory protein in upper respiratory tracts
, Short PLUNC1
, Tracheal epithelium-enriched protein
, Von Ebner protein Hl
",BPIA1_HUMAN,27 kDa,Q9NP55BPI fold-containing family B member 2,"Bactericidal/permeability-increasing protein-like 1, Long palate, lung and nasal epithelium carcinoma-associated protein 2
, RYSR
",BPIB2_HUMAN,49 kDa,Q8N4F0brain acid soluble protein 1,"22 kDa neuronal tissue-enriched acidic protein, Neuronal axonal membrane protein NAP-22",BASP1_HUMAN,23 kDa,P80723brain mitochondrial carrier protein 1 ,"Mitochondrial uncoupling protein 5, Solute carrier family 25 member 14",UCP5_HUMAN,36 kDa,O95258C1 segment protein,,A0M8Q9_HUMAN,11 kDa,A0M8Q9C4a anaphylatoxin,Complement C4 gamma chai,F5GXS0_HUMAN,188 kDa,F5GXS0cadherin-1,"CAM 120/80, Epithelial cadherin, Uvomorulin, CD32",CADH1_HUMAN,97 kDa,P12830cadherin-20,,CAD20_HUMAN,89 kDa,Q9HBT6calmodulin-1,,CALM1_HUMAN,17 kDa,P0DP23calmodulin-like protein 5,Calmodulin-like skin protein,CALL5_HUMAN,16 kDa,Q9NZT1calnexin,"IP90, Major histocompatibility complex class I antigen-binding protein p88
, p90
",CALX_HUMAN,68 kDa,P27824calpain small subunit 1,"Calcium-activated neutral proteinase small subunit
, Calcium-dependent protease small subunit
, Calcium-dependent protease small subunit 1
, Calpain regulatory subunit
",CPNS1_HUMAN,28 kDa,P04632"cAMP-specific 3',5'-cyclic phosphodiesterase 4C","DPDE1, PDE21",PDE4C_HUMAN,80 kDa,Q08493cartilage intermediate layer protein 1,Cartilage intermediate-layer protein,CILP1_HUMAN,133 kDa,O75339catalase,,CATA_HUMAN,60 kDa,P04040catenin alpha-2,"alpha N-catenin, alpha catenin-related protein, cadherin-associated protein-related",CTNA2_HUMAN,105 kDa,P26232cathepsin D,,CATD_HUMAN,45 kDa,P07339CD59 glycoprotein,,CD59_HUMAN,14 kDa,P13987CD9 antigen,,CD9_HUMAN,25 kDa,P21926CD99 antigen-like protein 2 ,"MIC2-like protein 1
, CD_antigen: CD99
",C99L2_HUMAN,28 kDa,Q8TCZ2Cdc42-interacting protein 4,"Protein Felic
, Salt tolerant protein
, Thyroid receptor-interacting protein 10
",CIP4_HUMAN,68 kDa,Q15642cell cycle and apoptosis regulator protein 2,"CDC6-related protein, Cdc18-related protein",E5RHH8_HUMAN,9 kDa,E5RHH8cell death activator CIDE-B ,Cell death-inducing DFFA-like effector B,CIDEB_HUMAN,25 kDa,Q9UHD4cell division control protein 42 homolog,,CDC42_HUMAN,21 kDa,P60953cell division control protein 6 homolog,G25K GTP-binding protein,CDC6_HUMAN,63 kDa,Q99741cell migration-inducing and hyaluronan-binding protein,KIAA1199,CEMIP_HUMAN,153 kDa,Q8WUJ3centrosomal protein of 112 kDa,"Coiled-coil domain-containing protein 46
",CE112_HUMAN,113 kDa,Q8N8E3centrosomal protein of 131 kDa,,I3L4M5_HUMAN,36 kDa,I3L4M5centrosomal protein of 290 kDa,"Bardet-Biedl syndrome 14 protein, Cancer/testis antigen 87, Nephrocystin-6, Tumor antigen se2-2",CE290_HUMAN,290 kDa,O15078cerebellar degeneration-related protein 2,"Major Yo paraneoplastic antigen, Paraneoplastic cerebellar degeneration-associated antigen
",CDR2_HUMAN,52 kDa,Q01850chromodomain-helicase-DNA-binding protein 1,ATP-dependent helicase CHD1,CHD1_HUMAN,197 kDa,O14646cilia- and flagella-associated protein 36,Coiled-coil domain-containing protein 104,CFA36_HUMAN,39 kDa,Q96G28cingulin,,CING_HUMAN,137 kDa,Q9P2M7Cip1-interacting zinc finger protein,"ZNF356, CDKN1A-interacting zinc finger protein 1, nuclear protein NP94",CIZ1_HUMAN,100 kDa,Q9ULV3cleavage and polyadenylation specificity factor subunit 6 ,"Cleavage and polyadenylation specificity factor 68 kDa subunit, Cleavage factor Im complex 68 kDa subunit, Pre-mRNA cleavage factor Im 68 kDa subunit
, Protein HPBRII-4/7
",CPSF6_HUMAN,59 kDa,Q16630cluster of Ig heavy chain V-III region TUR ,,HV318_HUMAN,12 kDa,P01764"CMP-N-acetylneuraminate-beta-1,4-galactoside alpha-2,3-sialyltransferase","Beta-galactoside alpha-2,3-sialyltransferase 3, Gal beta-1,3(4) GlcNAc alpha-2,3 sialyltransferase, N-acetyllactosaminide alpha-2,3-sialyltransferase, ST3Gal III, ST3N, Sialyltransferase 6",SIAT6_HUMAN,42 kDa,Q11203coagulation factor VII,"Proconvertin, serum prothrombin conversion factor",FA7_HUMAN,52 kDa,P08709coagulation factor XIII A chain,"Protein-glutamine gamma-glutamyltransferase A chain, Transglutaminase A chain",F13A_HUMAN,83 kDa,P00488cohesin subunit SA-1,"SCC3 homolog 1, Stromal antigen 1",STAG1_HUMAN,144 kDa,Q8WVM7coiled-coil domain-containing protein 160,,CC160_HUMAN,38 kDa,A6NGH7coiled-coil domain-containing protein 40 ,,CCD40_HUMAN,130 kDa,Q4G0X9coiled-coil domain-containing protein 93,,CCD93_HUMAN,73 kDa,Q567U6cold agglutinin FS-1 H-chain (Fragment),,A2NB43_HUMAN,13 kDa,A2NB43collagen alpha-1(XIV) chain,Undulin,COEA1_HUMAN,194 kDa,Q05707collagen alpha-1(XVIII) chain,,COIA1_HUMAN,178 kDa,P39060collagen alpha-1(XVIII) chain,,COIA1_HUMAN,178 kDa,P39060complement factor H-related protein 3,"DOWN16, Hfactor-like protein 3",FHR3_HUMAN,37 kDa,Q02985cornulin,"53 kDa putative calcium-binding protein
, 53 kDa squamous epithelial-induced stress protein, 58 kDa heat shock protein, Squamous epithelial heat shock protein 53, Tumor-related protein",CRNN_HUMAN,54 kDa,Q9UBG3C-reactive protein,,CRP_HUMAN,25 kDa,P02741C-type lectin domain family 3 member A,"C-type lectin superfamily member 1, cartilage-derived C-type lectin",CLEC3A_HUMAN,22 kDa,O75596cullin-4A,,CUL4A_HUMAN,88 kDa,Q13619cyclic nucleotide-gated cation channel beta-3,"Cone photoreceptor cGMP-gated channel subunit beta, Cyclic nucleotide-gated cation channel modulatory subunit, Cyclic nucleotide-gated channel beta-3",CNGB3_HUMAN,92 kDa,Q9NQW8cystatin-A,"Cystatin-AS, stefin_A",CYTA_HUMAN,11 kDa,P01040cystatin-B,"CPI-B, Liver thiol proteinase inhibitor, Stefin-B",CYTB,11 kDa,P04080cystatin-S ,"Cystatin-4, Cystatin-SA-III, Salivary acidic protein 1",CYTS_HUMAN,16 kDa,P01036cystatin-SA,"Cystatin-2, Cystatin-S5",CYTT_HUMAN,16 kDa,P09228cystatin-SN,"Cystain-SA-I, Cystatin-1, Salivary cystatin-SA-1",CYTN_HUMAN,16 kDa,P01037cysteine-rich protein 2-binding protein,"ADA2A-containing complex subunit 2, CRP2-binding partner, Lysine acetyltransferase 14",CSR2B_HUMAN,89 kDa,Q9H8E8cytoplasmic dynein 1 heavy chain 1 ,"Cytoplasmic dynein heavy chain 1, Dynein heavy chain, cytosolic",DYHC1_HUMAN,532 kDa,Q14204dachshund homolog 2,,DACH2_HUMAN,65 kDa,Q96NX9DDB1- and CUL4-associated factor 5,"Breakpoint cluster region protein 2, WD repeat-containing protein 22",DCAF5_HUMAN,104 kDa,Q96JK2dedicator of cytokinesis protein 10,Zizimin-3,DOC10_HUMAN,250 kDa,Q96BY6DmX-like protein 2,Rabconnectin-3,DMXL2_HUMAN,340 kDa,Q8TDJ6DNA annealing helicase and endonuclease ZRANB3,"Annealing helicase 2, Zinc finger Ran-binding domain-containing protein 3",ZRAB3_HUMAN,123 kDa,Q5FWF4DNA damage-binding protein 2,"DDB p48 subunit, Damage-specific DNA-binding protein 2, UV-damaged DNA-binding protein 2",DDB2_HUMAN,48 kDa,Q92466DNA helicase MCM8,Minichromosome maintenance 8,MCM8_HUMAN,94 kDa,Q9UJA3DNA polymerase delta catalytic subunit,"3'-5' exodeoxyribonucleas, DNA polymerase subunit delta p125",DPOD1_HUMAN,124 kDa,P28340DNA-binding protein RFX7,"Regulatory factor X 7, Regulatory factor X domain-containing protein 2",RFX7_HUMAN,147 kDa,Q2KHR2DNA-directed RNA polymerase II subunit RPB2,"DNA-directed RNA polymerase II 140 kDa polypeptide, DNA-directed RNA polymerase II subunit B, RNA polymerase II subunit 2, RNA polymerase II subunit B2",RPB2_HUMAN,134 kDa,P30876DnaJ homolog subfamily A member 1,"DnaJ protein homolog 2, HSDJ, Heat shock 40 kDa protein 4, Heat shock protein J2, Human DnaJ protein 2",DNJA1_HUMAN,45 kDa,P31689double-stranded RNA-binding protein Staufen homolog 2,,E7EVI1_HUMAN,43 kDa,E7EVI1dynamin-2,,DYN2_HUMAN,98 kDa,P50570"dynein heavy chain 2, axonemal  ","axonemal beta dynein heavy chain 2, ciliary dynein heavy chain 2, dynein heavy chain domain-containing protein 3",DNAH2_HUMAN,507 kDa,Q9P225E3 ubiquitin-protein ligase BRE1A ,"RING finger protein 20, RING-type E3 ubiquitin transferase BRE1A",BRE1A_HUMAN,114 kDa,Q5VTR2E3 ubiquitin-protein ligase NEURL1B ,"Neuralized-2, Neuralized-like protein 1B, Neuralized-like protein 3, RING-type E3 ubiquitin transferase NEURL1B",NEU1B_HUMAN,59 kDa,A8MQ27E3 ubiquitin-protein ligase TRIM13,"B-cell chronic lymphocytic leukemia tumor suppressor Leu5, Leukemia-associated protein 5, Putative tumor suppressor RFP2, RING finger protein 77, RING-type E3 ubiquitin transferase TRIM13, Ret finger protein 2, Tripartite motif-containing protein 13",TRI13_HUMAN,47 kDa,O60858E3 ubiquitin-protein ligase TRIM36,"RING finger protein 98, RING-type E3 ubiquitin transferase TRIM36, Tripartite motif-containing protein 36, Zinc-binding protein Rbcc728",TRI36_HUMAN,83 kDa,Q9NQ86ectonucleoside triphosphate diphosphohydrolase 5,"CD39 antigen-like 4, ER-UDPase, Guanosine-diphosphatase ENTPD5 (EC:3.6.1.42), Nucleoside diphosphatase, Uridine-diphosphatase ENTPD5",ENTP5_HUMAN,48 kDa,O75356elongation factor 2 ,,EF2_HUMAN,95 kDa,P13639endoplasmic reticulum chaperone BiP,"78 kDa glucose-regulated protein, Binding-immunoglobulin protein, Heat shock protein 70 family protein 5, Heat shock protein family A member 5, Immunoglobulin heavy chain-binding protein",BIP_HUMAN,72 kDa,P11021ephrin type-B receptor 3,"EPH-like tyrosine kinase 2, Embryonic kinase 2, Tyrosine-protein kinase TYRO6",EPHB3_HUMAN,110 kDa,P54753eukaryotic translation initiation factor 4E-binding protein 3,,4EBP3_HUMAN,11 kDa,O60516eukaryotic translation initiation factor 5A-1,"Eukaryotic initiation factor 5A isoform 1, Rev-binding factor, eIF-4D",IF5A1_HUMAN,17 kDa,P63241ezrin,"Cytovillin, Villin-2, p81",EZRI_HUMAN,69 kDa,P15311Fanconi anemia group A protein,,FANCA_HUMAN,163 kDa,O15360Fanconi anemia group G protein,DNA repair protein XRCC9,FANCG_HUMAN,69 kDa,O15287FAS-associated factor 2 ,"Protein ETEA, UBX domain-containing protein 3B, UBX domain-containing protein 8",FAF2_HUMAN,53 kDa,Q96CS3fatty acid synthase,Type I fatty acid synthase,FAS_HUMAN,273 kDa,P49327FERM and PDZ domain-containing protein 1 ,FERM domain-containing protein 2,FRPD1_HUMAN,173 kDa,Q5SYB0fibrinogen-like protein 1,"HP-041, Hepassocin, Hepatocyte-derived fibrinogen-related protein 1, Liver fibrinogen-related protein 1",FGL1_HUMAN,36 kDa,Q08830fibronectin type 3 and ankyrin repeat domains protein 1 ,,FANK1_HUMAN,38 kDa,Q8TC84fibulin 5,,G3XA98_HUMAN,54 kDa,G3XA98filaggrin,,FILA_HUMAN,435 kDa,P20930filaggrin-2 ,Intermediate filament-associated and psoriasis-susceptibility protein,FILA2_HUMAN,248 kDa,Q5D862FRAS1-related extracellular matrix protein 2,,FREM2_HUMAN,351 kDa,Q5SZK8G patch domain-containing protein 8,,K7EKU0_HUMAN,26 kDa,K7EKU0galactokinase,Galactose kinase,GALK1_HUMAN,42 kDa,P51570galactose-3-O-sulfotransferase 4,"Beta-galactose-3-O-sulfotransferase 4, Gal-beta-1,3-GalNAc 3'-sulfotransferase",G3ST4_HUMAN,54 kDa,Q96RP7galanin peptides,,GALA_HUMAN,13 kDa,P22466galectin-1,"14 kDa laminin-binding protein, 14 kDa lectin, Beta-galactoside-binding lectin L-14-I, Galaptin, HBL, HPL, Lactose-binding lectin 1, Lectin galactoside-binding soluble 1, Putative MAPK-activating protein PM12, S-Lac lectin 1",LEG1_HUMAN,15 kDa,P09382galectin-7,"LEG-7, PIG1, LGALS7B, HKL-14,PI7,p53-induced gene 1 protein",LEG7_HUMAN,15 kDa,P47929gamma-aminobutyric acid receptor subunit theta,GABA(A) receptor subunit theta,GBRT_HUMAN,72 kDa,Q9UN88gamma-glutamylcyclotransferase,Cytochrome c-releasing factor 21,GGCT_HUMAN,21 kDa,O75223gamma-parvin,,PARVG_HUMAN,37 kDa,Q9HBI0glial fibrillary acidic protein,,GFAP_HUMAN,50 kDa,P14136glutamate receptor 2 ,"AMPA-selective glutamate receptor 2, GluR-B, GluR-K2, Glutamate receptor ionotropic, AMPA 2",GRIA2_HUMAN,99 kDa,P42262glutamate receptor 4,"AMPA-selective glutamate receptor 4, GluR-D, Glutamate receptor ionotropic, AMPA 4",GRIA4_HUMAN,101 kDa,P48058glutaredoxin-3,"PKC-interacting cousin of thioredoxin, PKC-theta-interacting protein, Thioredoxin-like protein 2",GLRX3_HUMAN,37 kDa,O76003glutathione hydrolase 5 proenzyme,"Gamma-glutamyl transpeptidase-related enzyme, Gamma-glutamyltransferase 5, Gamma-glutamyltransferase-like activity 1, Gamma-glutamyltranspeptidase 5, Leukotriene-C4 hydrolase",GGT5_HUMAN,62 kDa,P36269glutathione peroxidase 3,"Extracellular glutathione peroxidase, Plasma glutathione peroxidase",GPX3_HUMAN,26 kDa,P22352glutathione S-transferase P,"GST class-pi, GSTP1-1",GSTP1_HUMAN,23 kDa,P09211"glycine dehydrogenase [decarboxylating], mitochondrial","Glycine cleavage system P protein, Glycine decarboxylase, Glycine dehydrogenase (aminomethyl-transferring)",GCSP_HUMAN,113 kDa,P23378glycine--tRNA ligase,"Diadenosine tetraphosphate synthetase, Glycyl-tRNA synthetase, Glycyl-tRNA synthetase 1",GARS_HUMAN,83 kDa,P41250golgi-associated plant pathogenesis-related protein 1,Glioma pathogenesis-related protein 2,GAPR1_HUMAN,17 kDa,Q9H4G4group XIIB secretory phospholipase A2-like protein,"Group XIII secretory phospholipase A2-like protein, sPLA2-GXIIB",PG12B_HUMAN,22 kDa,Q9BX93group XIIB secretory phospholipase A2-like protein,,PG12B_HUMAN,22 kDa,Q9BX93growth arrest-specific protein 6,AXL receptor tyrosine kinase ligand,GAS6,75 KDa,Q14393GSK3-beta interaction protein,GSK3beta interaction protein,GSKIP_HUMAN,16 kDa,Q9P0R6guanine nucleotide-binding protein G(I)/G(S)/G(T) subunit beta-3,Transducin beta chain 3,GBB3_HUMAN,37 kDa,P16520HEAT repeat-containing protein 4 ,,HEAT4_HUMAN,117 kDa,Q86WZ0heat shock cognate 71 kDa protein,"Heat shock 70 kDa protein 8, Lipopolysaccharide-associated protein 1",HSP7C_HUMAN,71 kDa,P11142heat shock protein beta-1,"28 kDa heat shock protein, Estrogen-regulated 24 kDa protein, Heat shock 27 kDa protein, Stress-responsive protein 27",HSPB1_HUMAN,23 kDa,P04792heat shock protein HSP 90-alpha,"Heat shock 86 kDa, Lipopolysaccharide-associated protein 2, Renal carcinoma antigen NY-REN-38",HS90A_HUMAN,85 kDa,P07900heat shock protein HSP 90-beta,Heat shock 84 kDa,HS90B_HUMAN,83 kDa,P08238heat shock protein HSP 90-beta-c,Putative heat shock protein HSP 90-beta-3,H90B3_HUMAN,68 kDa,Q58FF7heavy chain Fab (Fragment),,A2NYU7_HUMAN,14 kDa,A2NYU7heme oxygenase 1,,HMOX1_HUMAN,33 kDa,P09601hemoglobin subunit zeta,"HBAZ, Hemoglobin subunit zeta, Zeta, globin",HBAZ_HUMAN,16 kDa,P02008heterogeneous nuclear ribonucleoprotein A1-like 2 ,hnRNP core protein A1-like 2,RA1L2_HUMAN,34 kDa,Q32P51heterogeneous nuclear ribonucleoprotein K ,Transformation up-regulated nuclear protein,HNRPK_HUMAN,51 kDa,P61978heterogeneous nuclear ribonucleoprotein U,"GRIP120, Nuclear p120 ribonucleoprotein, Scaffold-attachment factor A, p120, pp120",HNRPU_HUMAN,91 kDa,Q00839high affinity choline transporter 1,"Hemicholinium-3-sensitive choline transporter, Solute carrier family 5 member 7",SC5A7_HUMAN,63 kDa,Q9GZV3histidine ammonia-lyase,,HUTH_HUMAN,73 kDa,P42357histone H1.4,"Histone H1b, Histone H1s-4",H14_HUMAN,22 kDa,P10412histone H2B type 1-K,HIRA-interacting protein 1,H2B1K_HUMAN,14 kDa,O60814histone H3.3C ,Histone H3.5,H3C_HUMAN,15 kDa,Q6NXT2histone H4,,H4_HUMAN,11 kDa,P62805ICOS ligand,,ICOSL_HUMAN,33 kDa,O75144Ig lambda chain V-III region SH ,,LV301_HUMAN,11 kDa,P01715IGH@ protein,,Q6GMX6_HUMAN,51 kDa,Q6GMX6IGK@,,Q6PIL8_HUMAN,26 kDa,Q6PIL8immunoglobulin heavy chain variant,,Q9NPP6_HUMAN,45 kDa,Q9NPP6immunoglobulin heavy variable 3-11,Ig heavy chain V-III region TRO,HV311_HUMAN,13 kDa,P01762immunoglobulin heavy variable 3-33,"Ig heavy chain V-III region HIL, Ig heavy chain V-III region KOL",HV333_HUMAN,13 kDa,P01772Immunoglobulin heavy variable 3-48,Ig heavy chain V-III region WEA,HV348_HUMAN,13 kDa,P01763immunoglobulin heavy variable 3-53,Ig heavy chain V-III region BUT,HV353_HUMAN,13 kDa,P01767immunoglobulin heavy variable 3-9,Ig heavy chain V-III region DOB,HV309_HUMAN,13 kDa,P01782immunoglobulin heavy variable 4-39,Ig heavy chain V-II region WAH,HV439_HUMAN,14 kDa,P01824immunoglobulin kappa variable 1-12,,KV112_HUMAN,13kDa,A0A0C4DH73immunoglobulin kappa variable 1-13,,KV113_HUMAN,13 kDa,P0DP09immunoglobulin kappa variable 1-16,Ig kappa chain V-I region BAN,KV116_HUMAN,13 kDa,P04430immunoglobulin kappa variable 1-17,"Ig kappa chain V-I region Ga, Ig kappa chain V-I region WEA",KV117_HUMAN,13 kDa,P01599immunoglobulin kappa variable 1-9,,KV109_HUMAN,13 kDa,A0A0C4DH69immunoglobulin kappa variable 1D-12,Ig kappa chain V-I region Wes,KVD12_HUMAN,13 kDa,P01611immunoglobulin kappa variable 1D-33,"Ig kappa chain V-I region AG,Ig kappa chain V-I region Bi,Ig kappa chain V-I region Lay,Ig kappa chain V-I region Ni,Ig kappa chain V-I region Rei,Ig kappa chain V-I region Roy,Ig kappa chain V-I region Scw,Ig kappa chain V-I region WAT",KVD33_HUMAN,13 kDa,P01613immunoglobulin kappa variable 2D-40,Ig kappa chain V-II region Cum,KVD40_HUMAN,13 kDa,P01614immunoglobulin lambda constant 6,Ig lambda-6 chain C region,IGLC6_HUMAN,11 kDa,P0CF74immunoglobulin lambda variable 2-11,"Ig gamma lambda chain V-II region DOT, Ig lambda chain V-II region BOH, Ig lambda chain V-II region BUR, Ig lambda chain V-II region NIG-58. Ig lambda chain V-II region TRO, Ig lambda chain V-II region WIN",LV211_HUMAN,13 kDa,P01706immunoglobulin lambda variable 2-23,Ig lambda chain V-II region NEI,LV223_HUMAN,12 kDa,P01705immunoglobulin lambda variable 2-8,"Ig lambda chain V-II region BO, Ig lambda chain V-II region MGC",LV208_HUMAN,12 kDa,P01709immunoglobulin lambda variable 3-19,,LV319_HUMAN,12 kDa,P01714immunoglobulin lambda variable 7-43,Ig lambda chain V region 4A,LV743_HUMAN,12 kDa,P04211importin subunit beta-1,"Importin-90, Karyopherin subunit beta-1, Nuclear factor p97, Pore targeting complex 97 kDa subunit",IMB1_HUMAN,97 kDa,Q14974importin-8,Ran-binding protein 8,IPO8_HUMAN,120 kDa,O15397inactive ubiquitin carboxyl-terminal hydrolase 54,Inactive ubiquitin-specific peptidase 54,UBP54_HUMAN,187 kDa,Q70EL1inhibin beta C chain,Activin beta-C chain,INHBC_HUMAN,38 kDa,P55103"Inositol 1,4,5-trisphosphate receptor type 2","IP3 receptor isoform 2, Type 2 inositol 1,4,5-trisphosphate receptor",ITPR2_HUMAN,308 kDa,Q14571"inositol hexakisphosp, diphosphoinositol-pentakisphosp kinase 2","Diphosphoinositol pentakisphosphate kinase 2, Histidine acid phosphatase domain-containing protein 1, InsP6 and PP-IP5 kinase 2, VIP1 homolog 2",VIP2_HUMAN,140 kDa,O43314Integrin alpha-11,,ITA11_HUMAN,133 kDa,Q9UKX5Integrin alpha-6,"CD49 antigen-like family member F, VLA-6, CD_antigen: CD49f",ITA6_HUMAN,127 kDa,P23229intercellular adhesion molecule 3,"CDw50, ICAM-R, CD_antigen: CD50",ICAM3_HUMAN,60 kDa,P32942interferon regulatory factor 2,,IRF2_HUMAN,39 kDa,P14316interleukin-1 receptor accessory protein,,IL1AP_HUMAN,65 kDa,Q9NPH3intraflagellar transport protein 172 homolog,,IF172_HUMAN,198 kDa,Q9UG01IQ motif and SEC7 domain-containing protein 1,"ADP-ribosylation factors guanine nucleotide-exchange protein 100, ADP-ribosylation factors guanine nucleotide-exchange protein 2, Brefeldin-resistant Arf-GEF 2 protein",IQEC1_HUMAN,108 kDa,Q6DN90isocitrate dehydrogenase [NAD] subunit alpha mitochondrial,Isocitric dehydrogenase subunit alpha,IDH3A_HUMAN,40 kDa,P50213katanin p60 ATPase-containing subunit A-like 2,p60 katanin-like 2,KATL2_HUMAN,61 kDa,Q8IYT4"keratin, type I cuticular Ha1","hair keratin, type I Ha1, keratin-31",K1H1_HUMAN,47 kDa,Q15323"keratin, type I cytoskeletal 19","Cytokeratin-19, Keratin-19",K1C19_HUMAN,44 kDa,P08727"keratin, type I cytoskeletal 25","Cytokeratin-25, Keratin-25, Keratin-25A, Type I inner root sheath-specific keratin-K25irs1",K1C25_HUMAN,49 kDa,Q7Z3Z0"keratin, type I cytoskeletal 27","Cytokeratin-27, Keratin-25C, Keratin-27, Type I inner root sheath-specific keratin-K25irs3",K1C27_HUMAN,50 kDa,Q7Z3Y8"keratin, type II cuticular Hb2","Keratin-82, Type II hair keratin Hb2, Type-II keratin Kb22",KRT82_HUMAN,57 kDa,Q9NSB4"keratin, type II cytoskeletal 6C","Cytokeratin-6C, CK-6C, Cytokeratin-6E ,CK-6E ,Keratin K6h, Keratin-6C, K6C, Type-II keratin Kb1",K2C6C_HUMAN,60 kDa,P48668"keratin, type II cytoskeletal 71","Cytokeratin-71, Keratin-71, Type II inner root sheath-specific keratin-K6irs1, Type-II keratin Kb34",K2C71_HUMAN,57 kDa,Q3SY84"keratin, type II cytoskeletal 72","Cytokeratin-72, Keratin-72, Type II inner root sheath-specific keratin-K6irs2, Type-II keratin Kb35",K2C72_HUMAN,56 kDa,Q14CN4"keratin, type II cytoskeletal 73","Cytokeratin-73, Keratin-73, Type II inner root sheath-specific keratin-K6irs3, Type-II keratin Kb36",K2C73_HUMAN,59 kDa,Q86Y46"keratin, type II cytoskeletal 79","Cytokeratin-79, Keratin-6-like, Keratin-79, Type-II keratin Kb38",K2C79_HUMAN,58 kDa,Q5XKE5keratinocyte differentiation-associated protein,,KTDAP_HUMAN,11 kDa,P60985"KH domain-containing, RNA-binding, signal transduction-associated protein 1","GAP-associated tyrosine phosphoprotein p62, Src-associated in mitosis 68 kDa protein, p21 Ras GTPase-activating protein-associated p62, p68",KHDR1_HUMAN,48 kDa,Q07666kinesin heavy chain isoform 5A,"Kinesin heavy chain neuron-specific 1, Neuronal kinesin heavy chain",KIF5A_HUMAN,117 kDa,Q12840kinesin-like protein KIF18A,Marrow stromal KIF18A,KI18A_HUMAN,102 kDa,Q8NI77kinesin-like protein KIF22 ,"Kinesin-like DNA-binding protein, Kinesin-like protein 4",KIF22_HUMAN,73 kDa,Q14807kinesin-like protein KIF6,,KIF6_HUMAN,93 kDa,Q6ZMV9kinesin-like protein KIFC3,,KIFC3_HUMAN,93 kDa,Q9BVG8kit ligand,"Mast cell growth factor, Stem cell factor, c-Kit ligand",SCF_HUMAN,31 kDa,P21583laminin subunit alpha-1,"Laminin A chain, Laminin-1 subunit alpha, Laminin-3 subunit alpha, S-laminin subunit alpha",LAMA1_HUMAN,337 kDa,P25391laminin subunit alpha-3 ,"Epiligrin 170 kDa subunit, Epiligrin subunit alpha, Kalinin subunit alpha, Laminin-5 subunit alpha, Laminin-6 subunit alpha, Laminin-7 subunit alpha, Nicein subunit alpha",LAMA3_HUMAN,367 kDa,Q16787latent-transforming growth factor beta-binding protein 1,transforming growth factor beta-1-binding protein 1,LTBP1_HUMAN,187 kDa,Q14766latent-transforming growth factor beta-binding protein 2,,LTBP2_HUMAN,195 kDa,Q14767leucine-rich repeat and WD repeat-containing protein 1,"Centromere protein 33, Origin recognition complex-associated protein",LRWD1_HUMAN,71 kDa,Q9UFC0leukocyte immunoglobulin-like receptor subfamily A member 5,"CD85 antigen-like family member F, Immunoglobulin-like transcript 11, Leukocyte immunoglobulin-like receptor 9, CD_antigen: CD85f",LIRA5_HUMAN,33 kDa,A6NI73lipoprotein lipase,,LIPL_HUMAN,53 kDa,P06858L-lactate dehydrogenase B chain,"LDH heart subunit, Renal carcinoma antigen NY-REN-46",LDHB_HUMAN,37 kDa,P07195LON peptidase N-terminal domain and RING finger protein ,RING finger protein 191,LONF1_HUMAN,87 kDa,Q17RB8loricrin,,LORI_HUMAN,26 kDa,P23490macrophage colony-stimulating factor 1,lanimostim,CSF1_HUMAN,60 kDa,P09603manganese-transporting ATPase 13A1,,AT131_HUMAN,133 kDa,Q9HD20matrix metalloproteinase-19,"Matrix metalloproteinase RASI, Matrix metalloproteinase-18",MMP19_HUMAN,57 kDa,Q99542matrix-remodeling-associated protein 8,,MXRA8_HUMAN,49 kDa,Q9BRK3metal regulatory transcription factor 1 ,"MRE-binding transcription factor, Transcription factor MTF-1",MTF1_HUMAN,81 kDa,Q14872mini-chromosome maintenance complex-binding protein ,MCM-binding protein,MCMBP_HUMAN,73 kDa,Q9BTE3mitochondrial fission 1 protein,,FIS1_HUMAN,17 kDa,Q9Y3D6mitogen-activated protein kinase 8,"JNK-46, Stress-activated protein kinase 1c, Stress-activated protein kinase JNK1, c-Jun N-terminal kinase 1",MK08_HUMAN,48 kDa,P45983molybdenum cofactor biosynthesis protein 1,"Cell migration-inducing gene 11 protein, Molybdenum cofactor synthesis-step 1 protein A-B",MOCS1_HUMAN,70 kDa,Q9NZB8monocyte differentiation antigen CD14,"Myeloid cell-specific leucine-rich glycoprotein, CD_antigen: CD14",CD14_HUMAN,40 kDa,P08571mRNA-decapping enzyme 1A,,DCP1A_HUMAN,63 kDa,Q9NPI6mucin-5B,"Cervical mucin, High molecular weight salivary mucin MG1, Mucin-5 subtype B, tracheobronchial, Sublingual gland mucin",MUC5B_HUMAN,596 kDa,Q9HC84multidrug resistance-associated protein 4,"ATP-binding cassette sub-family C member 4, MRP/cMOAT-related ABC transporter, Multi-specific organic anion transporter B",MRP4_HUMAN,150 kDa,O15439myomegalin,"Cardiomyopathy-associated protein 2, Phosphodiesterase 4D-interacting protein",MYOME_HUMAN,265 kDa,Q5VU43myosin regulatory light chain 12A,"Epididymis secretory protein Li 24, MLC-2B, Myosin RLC, Myosin regulatory light chain 2, nonsarcomeric, Myosin regulatory light chain MRLC3",ML12A_HUMAN,20 kDa,P19105myosin-1,"Myosin heavy chain 1, Myosin heavy chain 2x, Myosin heavy chain IIx/d, Myosin heavy chain, skeletal muscle, adult 1",MYH1_HUMAN,223 kDa,P12882myosin-11,"Myosin heavy chain 11, Myosin heavy chain, smooth muscle isoform, SMMHC",MYH11_HUMAN,227 kDa,P35749myosin-6,"Myosin heavy chain 6, Myosin heavy chain, cardiac muscle alpha isoform",MYH6_HUMAN,224 kDa,P13533myosin-IIIa,,MYO3A_HUMAN,186 kDa,Q8NEV4myosin-reactive immunoglobulin heavy chain variable region,,Q9UL88_HUMAN,14 kDa,"Q9UL88, 94, 73, 90"myosin-reactive immunoglobulin kappa chain variable region,,Q9UL85_HUMAN,12 kDa,Q9UL85napsin-A,"Aspartyl protease 4, Napsin-1, TA01/TA02",NAPSA_HUMAN,45 kDa,O96009NEDD4-like E3 ubiquitin-protein ligase WWP1,"Atrophin-1-interacting protein 5, HECT-type E3 ubiquitin transferase WWP1, TGIF-interacting ubiquitin ligase 1, WW domain-containing protein 1",WWP1_HUMAN,105 kDa,Q9H0M0nephrocystin-4,Nephroretinin,NPHP4_HUMAN,158 kDa,O75161nesprin- 2,Nuclear envelope spectrin repeat protein 2,SYNE2_HUMAN,796 kDa,Q8WXH0neurabin-1,"Neurabin-I, Neural tissue-specific F-actin-binding protein I, Protein phosphatase 1 regulatory subunit 9A",NEB1_HUMAN,123 kDa,Q9ULJ8neurexin-1,"Neurexin-1-alpha, Neurexin I-alpha",NRX1A_HUMAN,162 kDa,Q9ULB1neurogenic locus notch homolog protein 1,translocation-associated notch protein TAN-1,NOTC1_HUMAN,273 kDa,P46531neurogenic locus notch homolog protein 3,,NOTC3_HUMAN,243 kDa,Q9UM47neuroguidin,,H0YJQ1_HUMAN,8 kDa,H0YJQ1neutral alpha-glucosidase AB,"Alpha-glucosidase 2, Glucosidase II subunit alpha",GANAB_HUMAN,107 kDa,Q14697neutrophil defensin 1;Neutrophil defensin 3,,DEF1_HUMAN;DEF3_HUMAN,10 kDa,P59665;P59666neutrophil defensin 3,"defensin alpha 3, HNP-3",DEF3_HUMAN,10 kDa,P59666ninein-like protein,,NINL_HUMAN,156 kDa,Q9Y2I6noelin,"Neuronal olfactomedin-related ER localized protein, Olfactomedin-1",NOE1_HUMAN,55 kDa,Q99784nuclear pore complex protein Nup155,"155 kDa nucleoporin, Nucleoporin Nup155",NU155_HUMAN,155 kDa,O75694nuclear pore complex protein Nup85,"85 kDa nucleoporin, FROUNT, Nucleoporin Nup75, Nucleoporin Nup85, Pericentrin-1",NUP85_HUMAN,75 kDa,Q9BW27nuclear pore complex protein Nup93,"93 kDa nucleoporin, Nucleoporin Nup93",NUP93_HUMAN,93 kDa,Q8N1F7nuclear receptor corepressor 1,,NCOR1_HUMAN,270 kDa,O75376nucleolar RNA helicase 2,"DEAD box protein 21, Gu-alpha, Nucleolar RNA helicase Gu, Nucleolar RNA helicase II, RH II/Gu",DDX21_HUMAN,87 kDa,Q9NR30nucleolin ,Protein C23,NUCL_HUMAN,77 kDa,P19338nucleosome assembly protein 1-like 2,"Brain-specific protein, X-linked",NP1L2_HUMAN,53 kDa,Q9ULW6NudC domain-containing protein 2,,NUDC2_HUMAN,18 kDa,Q8WVJ2Obg-like ATPase 1,"DNA damage-regulated overexpressed in cancer 45, GTP-binding protein 9",OLA1_HUMAN,45 kDa,Q9NTK5oncostatin-M-specific receptor subunit beta,,OSMR_HUMAN,111 kDa,Q99650opticin,Oculoglycan,OPT_HUMAN,37  kDa,Q9UBM4outer dense fiber protein 3-like protein 1 ,,OD3L1_HUMAN,31 kDa,Q8IXM7ovochymase-1,,OVCH1_HUMAN,125 kDa,Q7RTY7oxysterol-binding protein 1 ,,OSBP1_HUMAN,89 kDa,P22059oxysterol-binding protein-related protein 7,,OSBL7_HUMAN,95 kDa,Q9BZF2P2X purinoceptor 6 ,"ATP receptor, P2XM, Purinergic receptor, Purinergic receptor P2X-like 1",P2RX6_HUMAN,49 kDa,O15547pantetheinase,,VNN1_HUMAN,57 kDa,O95497pCI domain-containing protein 2,CSN12-like protein,PCID2_HUMAN,46 kDa,Q5JVF3pecanex-like protein 4,"Hepatitis C virus F protein-binding protein 2, Pecanex homolog protein 4",PCX4_HUMAN,133 kDa,Q63HM2peptidyl-prolyl cis-trans isomerase A ,"Cyclophilin A, Cyclosporin A-binding protein, Rotamase A",PPIA_HUMAN,18 kDa,P62937perilipin-4 ,Adipocyte protein S3-12,PLIN4_HUMAN,134 kDa,Q96Q06peroxiredoxin-6 ,"1-Cys peroxiredoxin, Acidic calcium-independent phospholipase A2, antioxidant protein 2, Glutathione-dependent peroxiredoxin",PRDX6_HUMAN,25 kDa,P30041peroxiredoxin-like 2A,"Peroxiredoxin-like 2 activated in M-CSF stimulated monocytes, Redox-regulatory protein FAM213A",PXL2A_HUMAN,27 kDa,Q9BRX8peroxisomal acyl-coenzyme A oxidase 1,"Palmitoyl-CoA oxidase, Straight-chain acyl-CoA oxidase",ACOX1_HUMAN,74 kDa,Q15067peroxynitrite isomerase THAP4,THAP domain-containing protein 4,THAP4_HUMAN,63 kDa,Q8WY91PGAP2-interacting protein,Cell wall biogenesis protein 43 C-terminal homolog,PG2IP_HUMAN,79 kDa,Q9H720phosphatidylinositol 4-phosphate 5-kinase type-1 beta,"Phosphatidylinositol 4-phosphate 5-kinase type I beta, Protein STM-7, Type I phosphatidylinositol 4-phosphate 5-kinase beta",PI51B_HUMAN,61 kDa,O14986phosphoglycerate kinase 1,"Cell migration-inducing gene 10 protein, Primer recognition protein 2",PGK1_HUMAN,45 kDa,P00558plasminogen-like protein A,"Plasminogen-like protein A1, Plasminogen-related protein A",PLGA_HUMAN,11 kDa,Q15195plasminogen-like protein B,Plasminogen-related protein B,PLGB_HUMAN,11 kDa,Q02325plastin-2,"L-plastin, LC64P, lymphocyte cytosolic protein 1",PLSL_HUMAN,70 kDa,P13796platelet glycoprotein 4,,CD36_HUMAN,53 kDa,P16671platelet glycoprotein Ib beta chain    ,"antigen CD42b-beta, CD_antigen=CD42c",GP1BB_HUMAN,22 kDa,P13224platelet-derived growth factor receptor alpha,"Alpha platelet-derived growth factor receptor, Alpha-type platelet-derived growth factor receptor, CD140 antigen-like family member A, CD140a antigen, Platelet-derived growth factor alpha receptor, Platelet-derived growth factor receptor 2, CD_antigen: CD140a",PGFRA_HUMAN,123 kDa,P16234pleckstrin homology domain-containing family G member 3,,PKHG3_HUMAN,134 kDa,A1L390pleckstrin homology domain-containing family M member 1,162 kDa adapter protein,PKHM1_HUMAN,117 kDa,Q9Y4G2podocan_like protein 1,,PONL1_HUMAN,57 kDa,Q6PEZ8polymeric immunoglobulin receptor,Hepatocellular carcinoma-associated protein TB6,PIGR_HUMAN,83 kDa,P01833polyphosphoinositide phosphatase,"Phosphatidylinositol 3,5-bisphosphate 5-phosphatase, SAC domain-containing protein 3",FIG4_HUMAN,104 kDa,Q92562polypyrimidine tract-binding protein 1,"57 kDa RNA-binding protein PPTB-1, Heterogeneous nuclear ribonucleoprotein I",PTBP1_HUMAN,57 kDa,P26599polyubiquitin-C,,UBC_HUMAN,77 kDa,P0CG48potassium voltage-gated channel subfamily G member 4,Voltage-gated potassium channel subunit Kv6.4,KCNG4_HUMAN,59 kDa,Q8TDN1potassium voltage-gated channel subfamily KQT member 5,"KQT-like 5, Potassium channel subunit alpha KvLQT5, Voltage-gated potassium channel subunit Kv7.5",KCNQ5_HUMAN,102 kDa,Q9NR82POU 5 domain protein,sperm 1 POU domain transcription factor,PO5F2_HUMAN,36 kDa,Q8N7G0pregnancy-specific beta-1- glycoprotein,"CD66 antigen-like family member F, fetal liver non-specific cross-reactive antigen 1/2",PSG1_HUMAN,47 kDa,P11464prelamin-A/C,,LMNA_HUMAN,74 kDa,P02545probable ATP-dependent DNA helicase HFM1,SEC63 domain-containing protein 1,HFM1_HUMAN,162 kDa,A2PYH4probable G-protein coupled receptor 149,G-protein coupled receptor PGR10,GP149_HUMAN,81 kDa,Q86SP6progesterone-induced-blocking factor 1 ,Centrosomal protein of 90 kDa,PIBFl_HUMAN,90 kDa,Q8WXW3proline-rich protein 4,,PROL4_HUMAN,15 kDa,Q16378proteasome activator complex subunit 2,"11S regulator complex subunit beta, Activator of multicatalytic protease subunit 2, Proteasome activator 28 subunit beta",PSME2_HUMAN,27 kDa,Q9UL46protein disulfide-isomerase,"Cellular thyroid hormone-binding protein, Prolyl 4-hydroxylase subunit beta, p55",PDIA1_HUMAN,57 kDa,P07237protein disulfide-isomerase A3,"58 kDa glucose-regulated protein, 58 kDa microsomal protein, Disulfide isomerase ER-60, Endoplasmic reticulum resident protein 57, Endoplasmic reticulum resident protein 60",PDIA3_HUMAN,57 kDa,P30101protein disulfide-isomerase A6,"Endoplasmic reticulum protein 5, Protein disulfide isomerase P5, Thioredoxin domain-containing protein 7",PDIA6_HUMAN,48 kDa,Q15084protein FAM207A ,,F207A_HUMAN,25 kDa,Q9NSI2protein FAM217B ,,F217B_HUMAN,42 kDa,Q9NTX9protein FAM78A,,FA78A_HUMAN,32 kDa,Q5JUQ0protein FAM83D,Spindle protein CHICA,FA83D_HUMAN,64 kDa,Q9H4H8protein farnesyltransferase/geranylgeranyltransferase type-1 subunit alpha,"CAAX farnesyltransferase subunit alpha, FTase-alpha, Ras proteins prenyltransferase subunit alpha, Type I protein geranyl-geranyltransferase subunit alpha",FNTA_HUMAN,44 kDa,P49354protein KRI1 homolog ,,KRI1_HUMAN,83 kDa,Q8N9T8protein lin-28 homolog A ,Zinc finger CCHC domain-containing protein 1,LN28A_HUMAN,23 kDa,Q9H9Z2protein S100-A11,"Calgizzarin, Metastatic lymph node gene 70 protein, Protein S100-C, S100 calcium-binding protein A11",S10AB_HUMAN,12 kDa,P31949protein S100-A14,,S10AE_HUMAN,12 kDa,Q9HCY8protein S100-AS ,"Calgranulin-A, Calprotectin L1L subunit, Cystic fibrosis antigen, Leukocyte L1 complex light chain, Migration inhibitory factor-related protein 8, S100 calcium-binding protein A8, Urinary stone protein band A",S10A8_HUMAN,11 kDa,P05109protein Spindly ,"Arsenite-related gene 1 protein, Coiled-coil domain-containing protein 99, Rhabdomyosarcoma antigen MU-RMS-40.4A, Spindle apparatus coiled-coil domain-containing protein 1",SPDLY_HUMAN,70 kDa,Q96EA4protein turtle homolog B,Immunoglobulin superfamily member 9B,TUTLB_HUMAN,147 kDa,Q9UPX0proteoglycan 3,"Eosinophil major basic protein homolog, Prepro-major basic protein homolog",PRG3_HUMAN,25 kDa,Q9Y2Y8pryridoxal kinase,Pyridoxine kinase,PDXK_HUMAN,35 kDa,O00764pryruvate kinase PKM,"Pyruvate kinase isozymes M1/M2 Cytosolic thyroid hormone-binding protein, Opa-interacting protein 3, Pyruvate kinase 2/3, Pyruvate kinase muscle isozyme, Thyroid hormone-binding protein 1, Tumor M2-PK, p58
",KPYM_HUMAN,58 kDa,P14618P-selectin glycoprotein ligand 1,"Selectin P ligand, CD_antigen: CD162",SELPL_HUMAN,43 kDa,Q14242putative alpha-1-antitrypsin-related protein,"Protease inhibitor 1-like, Serpin A2",A1ATR_HUMAN,48 kDa,P20848putative glutathione hydrolase 3 proenzyme,"Putative gamma-glutamyltranspeptidase 3, Gamma-glutamyltransferase 3, ",GGT3_HUMAN,62 kDa,A6NGU5putative lipocalin 1-like protein 1,Lipocalin 1-like pseudogene 1,LC1L1_HUMAN,18 kDa,Q5VSP4putative matrix cell adhesion molecule-3,,Q96QS0_HUMAN,17 kDa,Q96QS0putative nucleoside diphosphate kinase,,NDK8_HUMAN,16 kDa,O60361putative trypsin-6,trypsinogen C,TRY6_HUMAN,27 kDa,Q8NHM4putative zinc finger protein 75C,Zinc finger protein 75C pseudogene,ZN75C_HUMAN,50 kDa,Q92670Rab GDP dissociation inhibitor beta,Guanosine diphosphate dissociation inhibitor 2,GDIB_HUMAN,51 kDa,P50395rabenosyn-5,"110 kDa protein, FYVE finger-containing Rab5 effector protein rabenosyn-5, RAB effector RBSN, Zinc finger FYVE domain-containing protein 20",RBNS5_HUMAN,89 kDa,Q9H1K0Ras association domain-containing protein 10,,RASFA_HUMAN,57 kDa,A6NK89RAS guanyl-releasing protein 1,"Calcium and DAG-regulated guanine nucleotide exchange factor II, Ras guanyl-releasing protein",GRP1_HUMAN,90 kDa,O95267Ras-related protein Rab-10,,RAB10_HUMAN,23 kDa,P61026Ras-related protein Rab-11B,,RB11B_HUMAN,24 kDa,Q15907Ras-related protein Rab-5C,"L1880, RAB5L",RAB5C_HUMAN,23 kDa,P51148Ras-related protein Rab-6A,,RAB6A_HUMAN,24 kDa,P20340Ras-related protein Rap-lA ,"C21KG, G-22K, GTP-binding protein smg p21A, Ras-related protein Krev-1",RAP1A_HUMAN,21 kDa,P62834receptor-type tyrosine-protein phosphatase beta,Vascular endothelial protein tyrosine phosphatase,PTPRB_HUMAN,224 kDa,P23467REST corepressor 2,,RCOR2_HUMAN,58 kDA,Q8IZ40retinoic acid receptor responder protein 2,"Chemerin, RAR-responsive protein TIG2, Tazarotene-induced gene 2 protein",RARR2_HUMAN,19 kDa,Q99969retinol dehydrogenase 14,"Alcohol dehydrogenase PAN2, Short chain dehydrogenase/reductase family 7C member 4",RDH14_HUMAN,37 kDA,Q9HBH5retrotransposon-derived protein PEG10,"Embryonal carcinoma differentiation-regulated protein, Mammalian retrotransposon-derived protein 2, Myelin expression factor 3-like protein 1, Paternally expressed gene 10 protein, Retrotransposon gag domain-containing protein 3, Retrotransposon-derived gag-like polyprotein, Ty3/Gypsy-like protein",PEG10_HUMAN,80 kDa,Q86TG7rheumatoid factor RF-ET5,,A2J1M3_HUMAN,10 kDa,A2J1M3rheumatoid factor RF-ET6,,A2J1N5_HUMAN,10 kDa,A2J1N5rheumatoid factor RF-IP12,,A2J1M8_HUMAN,11 kDa,A2J1M8rheumatoid factor RF-IP24,,A2J1N4_HUMAN,11 kDa,A2J1N4rheumatoid factor Vh I region,,A2NW97_HUMAN,15 kDa,A2NW97rho GTPase-activating protein 39,,RHG39_HUMAN,121 kDa,Q9C0H5rhodopsin,opsin-2,OPSD_HUMAN,39 kDa,P08100rhotekin-2,Pleckstrin homology domain-containing family K member 1,RTKN2_HUMAN,69 kDa,Q8IZC4ribonuclease 4,,RNAS4_HUMAN,17 kDa,P34096ribonuclease inhibitor,"Placental ribonuclease inhibitor, Ribonuclease/angiogenin inhibitor 1",RINI_HUMAN,50 kDa,P13489ribosome binding protein 1,"180 Kda Ribosome analog, ES/130-related protein, ribosome receptor protein",RRBP1_HUMAN,152 kDa,Q9P2E9RUN domain-containing protein 1,,RUND1_HUMAN,68 kDa,Q96C34RUN domain-containing protein 3B,"Rap2-binding protein 9, Rap2-interacting protein 9",RUN3B_HUMAN,53 kDa,Q96NL0ryanodine receptor 1,"Skeletal muscle calcium release channel, Skeletal muscle ryanodine receptor, Skeletal muscle-type ryanodine receptor, Type 1 ryanodine receptor",RYR1_HUMAN,565 kDa,P21817ryanodine receptor 2,"cardiac muscle ranodine receptor, type 2 ryanodine receptor",RYR2_HUMAN,565 kDa,Q92736sacsin,DnaJ homolog subfamily C member 29,SACS_HUMAN,521 kDa,Q9NZJ4schwannomin-interacting protein 1,,SCHI1_HUMAN,53 kDa,P0DPB3SCO-spondin,SCO-spondin pseudogene,SSPO_HUMAN,548 kDa,A2VEC9SEC14 domain and spectrin repeat-containing protein 1,,F8WFB2_HUMAN,10 kDa,F8WFB2secreted phosphoprotein 24,Secreted phosphoprotein 2,SPP24_HUMAN,24 kDa,Q13103semaphorin-3C,Semaphorin-E,SEM3C_HUMAN,85 kDa,Q99985serine/threonine-protein kinase RIO1,RIO kinase 1,RIOK1_HUMAN,66 kDa,Q9BRS2serine/threonine-protein phosphatase 2A 65 kDa regulatory subunit A alpha isoform,"Medium tumor antigen-associated 61 kDa protein, PP2A subunit A isoform PR65-alpha, PP2A subunit A isoform R1-alpha",2AAA_HUMAN,65 kDa,P30153serpin B12,,SPB12_HUMAN,46 kDa,Q96P63serpin B5,"Maspin, Peptidase inhibitor 5",SPB5_HUMAN,42 kDa,P36952serpin H1,"47 kDa heat shock protein, Arsenic-transactivated protein 3, Cell proliferation-inducing gene 14 protein, Collagen-binding protein, Rheumatoid arthritis-related antigen RA-A47",SERPH_HUMAN,46 kDa,P50454SH3 domain-binding glutamic acid-rich-like protein 3,SH3 domain-binding protein 1,SH3L3_HUMAN,10 kDa,Q9H299sialic acid-binding Ig-like lectin 16,Siglec-P16,SIG16_HUMAN,53 kDa,A6NMB1sialic acid-binding Ig-like lectin 5,"CD33 antigen-like 2, obesity-binding protein 2",SIGL5_HUMAN,61 kDa,O15389sickle tail protein homolog,,SKT_HUMAN,214 kDa,Q5T5P2single chain Fv,,Q9HCC1_HUMAN,12 kDa,Q9HCC1skin-specific protein 32,,XP32_HUMAN,26 kDa,Q5T750small proline-rich protein 2E;Small proline-rich protein 2D;Small proline-rich protein 2B;Small proline-rich protein 2A;Small proline-rich protein 2G,,SPR2E_HUMAN;SPR2D_HUMAN;SPR2B_HUMAN;SPR2A_HUMAN;SPR2G_HUMAN,8 kDa,P22531;P22532;P35325;P35326;Q9BYE4small subunit processome component 20 homolog,"Down-regulated in metastasis protein, Novel nucleolar protein 73, Protein Key-1A6",UTP20_HUMAN,3 kDa,O75691"solute carrier family 2, facilitated glucose transporter member 3","glucose transporter type 3, brain",GTR3_HUMAN,54 kDa,P11169sorting nexin-19,,SNX19_HUMAN,109 kDa,Q92543SPARC,"Basement-membrane protein 40, Osteonectin, Secreted protein acidic and rich in cysteine",SPRC_HUMAN,35 kDa,P09486"spectrin beta chain, erythrocytic",Beta-I spectrin,SPTB1_HUMAN,246 kDa,P11277speedy protein E2B,Putative speedy protein E2-like protein,SPE2B_HUMAN,48 kDa,A6NHP3sperm-associated antigen 17,Projection protein PF6 homolog,SPG17_HUMAN,252 kDa,Q6Q759structural maintenance of chromosomes protein 1B,,SMC1B_HUMAN,144 kDa,Q8NDV3structural maintenance of chromosomes protein 3,"Basement membrane-associated chondroitin proteoglycan, chondroitin sulfate proteoglycan 6, chromosom-associated polypeptide",SMC3_HUMAN,142 kDa,Q9UQE7submaxillary gland androgen-regulated protein 3B,"Proline-rich peptide P-B, Proline-rich protein 3",SMR3B_HUMAN,8 kDa,P02814"succinate dehydrogenase [ubiquinone] iron-sulfur subunit, mitochondrial",Iron-sulfur subunit of complex II,SDHB_HUMAN,32 kDa,P21912SUMO-activating enzyme subunit 1,Ubiquitin-like 1-activating enzyme E1A,SAE1_HUMAN,38 kDa,Q9UBE0suprabasin,,SBSN_HUMAN,61 kDa,Q6UWP8synaptic vesicle membrane protein VAT-1 homolog,,VAT1_HUMAN,42 kDa,Q99536syntaxin-binding protein 1,"MUNC18-1, N-Sec1, Protein unc-18 homolog 1, Protein unc-18 homolog A, p67",STXB1_HUMAN,68 kDa,P61764T cell receptor beta variable 7-4,,TVB74_HUMAN,13 kDa,A0A1B0GX95Tax1-binding protein 1,TRAF6-binding protein,TAXB1_HUMAN,91 kDa,Q86VP1TBC1 domain family member 10B ,Rab27A-GAP-beta,TB10B_HUMAN,87 kDa,Q4KMP7TBC1 domain family member 2A,"Armus, Prostate antigen recognized and identified by SEREX 1",TBD2A_HUMAN,105 kDa,Q9BYX2TBC1 domain family member 30,,TBC30_HUMAN,103 kDa,Q9Y2I9TBC1 domain family member 9 ,TBC1 domain family member 9A,TBCD9_HUMAN,143 kDa,Q6ZT07T-complex protein 1 subunit delta,"CCT-delta, Stimulator of TAR RNA-binding",TCPD_HUMAN,58 kDa,P50991T-complex protein 1 subunit epsilon,CCT-epsilon,TCPE_HUMAN,60 kDa,P48643teneurin-3,"Protein Odd Oz/ten-m homolog 3, Tenascin-M3, Teneurin transmembrane protein 3",TEN3_HUMAN,301 kDa,Q9P273thiosulfate sulfurtransferase,Rhodanese,THTR_HUMAN,33 kDa,Q16762thymidine phosphorylase,"Gliostatin, Platelet-derived endothelial cell growth factor",TYPH_HUMAN,50 kDa,P19971tight junction protein ZO-3,"Tight junction protein 3, Zona occludens protein 3, Zonula occludens protein 3",ZO3_HUMAN,101 kDa,O95049torsin-3A,"ATP-dependent interferon-responsive protein, Torsin family 3 member A",TOR3A_HUMAN,46 kDa,Q9H497trace amine-associated receptor 8,"G-protein coupled receptor 102, Trace amine receptor 5",TAAR8_HUMAN,38 kDa,Q969N4transcobalamin-2,Transcobalamin II,TCO2_HUMAN,48 kDa,P20062transcription factor Sp2,,SP2_HUMAN,65 kDa,Q02086transcription initiation factor IIE subunit beta,General transcription factor IIE subunit 2,T2EB_HUMAN,33 kDa,P29084transcription initiation factor TFIID subunit 3 ,"140 kDa TATA box-binding protein-associated factor, TBP-associated factor 3, Transcription initiation factor TFIID 140 kDa subunit",TAF3_HUMAN,104 kDa,Q5VWG9transformation/transcription domain-associated protein,"350/400 kDa PCAF-associated factor, STAF40, Tra1 homolog",TRRAP_HUMAN,438 kDa,Q9Y4A5transgelin,"22 kDa actin-binding protein, Protein WS3-10, Smooth muscle protein 22-alpha",TAGL_HUMAN,23 kDa,Q01995transgelin-2,"Epididymis tissue protein Li 7e, SM22-alpha homolog",TAGL2_HUMAN,22 kDa,P37802transient receptor potential cation channel subfamily M member 6,"Channel kinase 2, Melastatin-related TRP cation channel 6",TRPM6_HUMAN,232 kDa,Q9BX84transitional endoplasmic reticulum ATPase,"15S Mg(2+)-ATPase p97 subunit, Valosin-containing protein",TERA_HUMAN,89 kDa,P55072transketolase,,TKT_HUMAN,68 kDa,P29401transmembrane gamma-carboxyglutamic acid protein 4,Proline-rich gamma-carboxyglutamic acid protein 4,TMG4_HUMAN,25 kDa,Q9BZD6transmembrane protease serine 13,Membrane-type mosaic serine protease,TMPSD_HUMAN,63 kDa,Q9BYE2transmembrane protein 212,,TM212_HUMAN,21 kDa,A6NML5transmembrane protein 59,Liver membrane-bound protein,TMM59_HUMAN,36 kDa,Q9BXS4transportin-3,"Importin-12, Transportin-SR",TNPO3_HUMAN,104 kDa,Q9Y5L0triokinase/FMN cyclase,"Bifunctional ATP-dependent dihydroxyacetone kinase/FAD-AMP lyase (cyclizing), ATP-dependent dihydroxyacetone kinase, FAD-AMP lyase (cyclizing)",TKFC_HUMAN,59 kDa,Q3LXA3triosephosphate isomerase,"Methylglyoxal synthase, Triose-phosphate isomerase",TPIS_HUMAN,27 kDa,P60174tripartite motif-containing protein 15,"RING finger protein 93, Zinc finger protein 178, Zinc finger protein B7",TRI15_HUMAN,52 kDa,Q9C019tRNA (guanine(37)-N1)-methyltransferase,"M1G-methyltransferase, tRNA [GM37] methyltransferase, tRNA methyltransferase 5 homolog",TRM5_HUMAN,58 kDa,Q32P41tropomyosin alpha-3 chain ,"Gamma-tropomyosin, Tropomyosin-3, Tropomyosin-5",TPM3_HUMAN,33 kDa,P06753trypsin-3,"Brain trypsinogen, Mesotrypsin, Mesotrypsinogen, Serine protease 3, Serine protease 4, Trypsin III, Trypsin IV",TRY3_HUMAN,33 kDa,P35030tubulin alpha-1A chain  ,"alpha-tubulin 3, tubulin B-alpha-1, tubulin alpha-3 chain",TBA1A_HUMAN,50 kDa,Q71U36tubulin alpha-1B chain,"Alpha-tubulin ubiquitous, Tubulin K-alpha-1, Tubulin alpha-ubiquitous chain",TBA1B_HUMAN,50 kDa,P68363tubulin alpha-1C chain,"Alpha-tubulin 6, Tubulin alpha-6 chain",TBA1C_HUMAN,50 kDa,Q9BQE3tubulin beta chain,Tubulin beta-5 chain,TBB5_HUMAN,50 kDa,P07437tubulin beta-1 chain    ,,TBB1_HUMAN,50 kDa,Q9H4B7tubulin beta-2C chain  ,"tubulin beta-2 chain, tubulin beta-2C chain",TBB4B_HUMAN,50 kDa,P68371tubulin beta-4A chain,"Tubulin 5 beta, Tubulin beta-4 chain",TBB4A_HUMAN,50 kDa,P04350tumor necrosis factor ligand superfamily member 6,"Apoptosis antigen ligand, CD95 ligand, Fas antigen ligand, CD_antigen: CD178",TNFL6_HUMAN,31 kDa,P48023tumor necrosis factor receptor superfamily member 10C,,TR10C_HUMAN,27 kDa,O14798tyrosine-protein phosphatase non-receptor type 21,Protein-tyrosine phosphatase D1,PTN21_HUMAN,133 kDa,Q16825U6 snRNA-associated Sm-like protein LSm4,Glycine-rich protein,LSM4_HUMAN,15 kDa,Q9Y4Z0ubiquitin carboxyl-terminal hydrolase 5,"Deubiquitinating enzyme 5, Isopeptidase T, Ubiquitin thioesterase 5, Ubiquitin-specific-processing protease 5",UBP5_HUMAN,96 kDa,P45974ubiquitin-like modifier-activating enzyme 1,"Protein A1S9, Ubiquitin-activating enzyme E1",UBA1_HUMAN,118 kDa,P22314ubiquitously transcribed tetratricopeptide repeat protein Y-linked transcript variant 59,,F4MH35_HUMAN,160 kDa,F4MH35UDP-glucose:glycoprotein glucosyltransferase 2,"UDP--Glc:glycoprotein glucosyltransferase 2, UDP-glucose ceramide glucosyltransferase-like 1",UGGG2_HUMAN,175 kDa,Q9NYU1UDP-glucuronosyltransferase 2B7,"3,4-catechol estrogen-specific UDPGT, UDP-glucuronosyltransferase 2B9, UDPGTh-2",UD2B7_HUMAN,61 kDa,P16662uncharacterized protein C16orf46,,CP046_HUMAN,43 kDa,Q6P387uncharacterized protein KIAA0825 ,,K0825_HUMAN,148 kDa,Q8IV33UPF0669 protein C6orf120 ,,CF120_HUMAN,21 kDa,Q7Z4R8uveal autoantigen with coiled-coil domains and ankyrin repeats,,UACA_HUMAN,163 kDa,Q9BZF9V1-3 protein,,Q5NV84_HUMAN,10 kDa,Q5NV84V1-4 protein,,Q5NV63_HUMAN,10 kDa,Q5NV63V3-3 protein,,Q5NV83_HUMAN,10 kDa,Q5NV83vascular cell adhesion protein 1 ,"INCAM-100, CD_antigen: CD106",VCAM1_HUMAN,81 kDa,P19320VH3 protein,,Q9Y509_HUMAN,16 kDa,Q9Y509vimentin,,VIME_HUMAN,54 kDa,P08670vitamin K-dependent protein Z,,PROZ_HUMAN,45 kDa,P22891VL87-2 protein (Fragment),,A2N2G6_HUMAN,11 kDa,A2N2G6VPS10 domain-containing receptor SorCS2,,SORC2_HUMAN,128 kDa,Q96PQ0WD repeat-containing protein 93 ,,WDR93_HUMAN,77 kDa,Q6P2C0X-linked retinitis pigmentosa GTPase regulator,,RPGR_HUMAN,113 kDa,Q92834X-ray repair cross-complementing protein 5 ,"86 kDa subunit of Ku antigen, ATP-dependent DNA helicase 2 subunit 2, ATP-dependent DNA helicase II 80 kDa subunit, CTC box-binding factor 85 kDa subunit, DNA repair protein XRCC5, Ku80, Ku86, Lupus Ku autoantigen protein p86, Nuclear factor IV, Thyroid-lupus autoantigen, X-ray repair complementing defective repair in Chinese hamster cells 5 (double-strand-break rejoining)",XRCC5_HUMAN,83 kDa,P13010X-ray repair cross-complementing protein 6,"5'-deoxyribose-5-phosphate lyase Ku70, 70 kDa subunit of Ku antigen, ATP-dependent DNA helicase 2 subunit 1, ATP-dependent DNA helicase II 70 kDa subunit, CTC box-binding factor 75 kDa subunit, DNA repair protein XRCC6, Lupus Ku autoantigen protein p70, Thyroid-lupus autoantigen, X-ray repair complementing defective repair in Chinese hamster cells 6",XRCC6_HUMAN,70 kDa,P12956zinc finger protein 134,,ZN134_HUMAN,48 kDa,P52741zinc finger protein 217,,ZN217_HUMAN,115 kDa,O75362zinc finger protein 486 ,KRAB domain only protein 2,ZN486_HUMAN,54 kDa,Q96H40zinc finger protein 671,,ZN671_HUMAN,61 kDa,Q8TAW3zinc finger protein neuro-d4 ,"BRG1-associated factor 45B, D4, zinc and double PHD fingers family 1",DPF1_HUMAN,43 kDa,Q92782zymogen granule protein 16 homolog B ,,ZG16B_HUMAN,23 kDa,Q96DA0